elapsed_s,x_unit,y_unit,side,path_error_unit,signed_error_unit
0.047,148.34375,449.703125,left,1.65625,-1.65625
0.047,148.34375,449.703125,left,1.65625,-1.65625
0.047,148.34375,449.703125,left,1.65625,-1.65625
0.047,148.34375,449.703125,left,1.65625,-1.65625
0.141,148.34375,449.703125,left,1.65625,-1.65625
0.141,148.34375,449.703125,left,1.65625,-1.65625
0.141,148.34375,449.703125,left,1.65625,-1.65625
0.141,148.34375,449.703125,left,1.65625,-1.65625
0.156,148.34375,449.703125,left,1.65625,-1.65625
0.235,148.34375,449.703125,left,1.65625,-1.65625
0.235,148.34375,449.703125,left,1.65625,-1.65625
0.235,148.34375,449.703125,left,1.65625,-1.65625
0.235,148.34375,449.703125,left,1.65625,-1.65625
0.344,148.34375,449.703125,left,1.65625,-1.65625
0.344,148.34375,449.703125,left,1.65625,-1.65625
0.344,148.34375,449.703125,left,1.65625,-1.65625
0.344,148.34375,449.703125,left,1.65625,-1.65625
0.36,148.34375,449.703125,left,1.65625,-1.65625
0.453,148.34375,449.703125,left,1.65625,-1.65625
0.453,148.34375,449.703125,left,1.65625,-1.65625
0.453,148.34375,449.703125,left,1.65625,-1.65625
0.453,148.34375,449.703125,left,1.65625,-1.65625
0.547,148.34375,449.703125,left,1.65625,-1.65625
0.547,148.34375,449.703125,left,1.65625,-1.65625
0.547,148.34375,449.703125,left,1.65625,-1.65625
0.547,148.34375,449.703125,left,1.65625,-1.65625
0.563,148.34375,449.703125,left,1.65625,-1.65625
0.656,148.34375,449.703125,left,1.65625,-1.65625
0.656,148.34375,449.703125,left,1.65625,-1.65625
0.656,148.34375,449.703125,left,1.65625,-1.65625
0.656,148.34375,449.703125,left,1.65625,-1.65625
0.735,148.34375,449.703125,left,1.65625,-1.65625
0.75,148.328125,449.703125,left,1.671875,-1.671875
0.75,148.34375,449.703125,left,1.65625,-1.65625
0.75,148.34375,449.703125,left,1.65625,-1.65625
0.86,148.34375,449.703125,left,1.65625,-1.65625
0.86,148.34375,449.703125,left,1.65625,-1.65625
0.86,148.34375,449.703125,left,1.65625,-1.65625
0.86,148.34375,449.703125,left,1.65625,-1.65625
0.938,148.34375,449.703125,left,1.65625,-1.65625
0.953,148.34375,449.703125,left,1.65625,-1.65625
0.953,148.34375,449.703125,left,1.65625,-1.65625
0.953,148.34375,449.703125,left,1.65625,-1.65625
0.953,148.34375,449.703125,left,1.65625,-1.65625
0.969,148.328125,449.703125,left,1.671875,-1.671875
1.063,148.34375,449.703125,left,1.65625,-1.65625
1.266,148.34375,449.703125,left,1.65625,-1.65625
1.266,148.34375,449.703125,left,1.65625,-1.65625
1.266,148.34375,449.703125,left,1.65625,-1.65625
1.266,148.34375,449.703125,left,1.65625,-1.65625
1.266,148.34375,449.703125,left,1.65625,-1.65625
1.266,148.34375,449.703125,left,1.65625,-1.65625
1.266,148.34375,449.703125,left,1.65625,-1.65625
1.266,148.34375,449.703125,left,1.65625,-1.65625
1.266,148.34375,449.703125,left,1.65625,-1.65625
1.266,148.34375,449.703125,left,1.65625,-1.65625
1.266,148.34375,449.703125,left,1.65625,-1.65625
1.266,148.34375,449.703125,left,1.65625,-1.65625
1.281,148.34375,449.703125,left,1.65625,-1.65625
1.36,148.34375,449.703125,left,1.65625,-1.65625
1.36,148.34375,449.703125,left,1.65625,-1.65625
1.36,148.34375,449.703125,left,1.65625,-1.65625
1.36,148.34375,449.703125,left,1.65625,-1.65625
1.485,148.34375,449.703125,left,1.65625,-1.65625
1.485,148.34375,449.703125,left,1.65625,-1.65625
1.485,148.34375,449.703125,left,1.65625,-1.65625
1.485,148.34375,449.703125,left,1.65625,-1.65625
1.485,148.34375,449.703125,left,1.65625,-1.65625
1.563,148.34375,449.703125,left,1.65625,-1.65625
1.781,148.34375,449.703125,left,1.65625,-1.65625
1.781,148.34375,449.703125,left,1.65625,-1.65625
1.781,148.34375,449.703125,left,1.65625,-1.65625
1.781,148.328125,449.703125,left,1.671875,-1.671875
1.781,148.34375,449.703125,left,1.65625,-1.65625
1.781,148.34375,449.703125,left,1.65625,-1.65625
1.781,148.34375,449.703125,left,1.65625,-1.65625
1.781,148.34375,449.703125,left,1.65625,-1.65625
1.875,148.34375,449.703125,left,1.65625,-1.65625
1.875,148.34375,449.703125,left,1.65625,-1.65625
1.875,148.34375,449.703125,left,1.65625,-1.65625
1.875,148.34375,449.703125,left,1.65625,-1.65625
1.875,148.34375,449.703125,left,1.65625,-1.65625
1.875,148.34375,449.703125,left,1.65625,-1.65625
1.875,148.34375,449.703125,left,1.65625,-1.65625
1.875,148.34375,449.703125,left,1.65625,-1.65625
1.875,148.34375,449.703125,left,1.65625,-1.65625
2.0,148.34375,449.703125,left,1.65625,-1.65625
2.0,148.34375,449.703125,left,1.65625,-1.65625
2.0,148.34375,449.703125,left,1.65625,-1.65625
2.0,148.34375,449.703125,left,1.65625,-1.65625
2.0,148.34375,449.703125,left,1.65625,-1.65625
2.0,148.34375,449.703125,left,1.65625,-1.65625
2.094,148.34375,449.703125,left,1.65625,-1.65625
2.094,148.34375,449.703125,left,1.65625,-1.65625
2.094,148.34375,449.703125,left,1.65625,-1.65625
2.094,148.34375,449.703125,left,1.65625,-1.65625
2.188,148.15625,449.296875,left,1.84375,-1.84375
2.188,148.0,448.234375,left,2.0,-2.0
2.188,147.9375,447.234375,left,2.0625,-2.0625
2.188,147.890625,446.0,left,2.109375,-2.109375
2.281,147.90625,444.609375,left,2.09375,-2.09375
2.281,147.9375,443.078125,left,2.0625,-2.0625
2.281,147.890625,441.375,left,2.109375,-2.109375
2.281,148.015625,438.65625,left,1.984375,-1.984375
2.297,148.125,436.96875,left,1.875,-1.875
2.391,148.265625,435.0,left,1.734375,-1.734375
2.391,148.4375,433.0625,left,1.5625,-1.5625
2.391,148.65625,431.046875,left,1.34375,-1.34375
2.391,148.96875,427.984375,left,1.03125,-1.03125
2.406,149.15625,425.9375,left,0.84375,-0.84375
2.485,149.40625,423.859375,left,0.59375,-0.59375
2.485,149.734375,421.859375,left,0.265625,-0.265625
2.485,149.984375,419.796875,left,0.015625,-0.015625
2.485,150.09375,416.765625,left,0.09375,0.09375
2.516,149.859375,414.6875,left,0.140625,-0.140625
2.594,149.453125,412.765625,left,0.546875,-0.546875
2.594,148.984375,411.015625,left,1.015625,-1.015625
2.594,148.40625,409.03125,left,1.59375,-1.59375
2.61,147.828125,407.109375,left,2.171875,-2.171875
2.703,146.984375,404.046875,left,3.015625,-3.015625
2.703,146.734375,401.984375,left,3.265625,-3.265625
2.703,146.484375,399.875,left,3.515625,-3.515625
2.703,146.234375,397.65625,left,3.765625,-3.765625
2.719,146.09375,395.5625,left,3.90625,-3.90625
2.797,145.96875,393.40625,left,4.03125,-4.03125
2.797,145.953125,391.1875,left,4.046875,-4.046875
2.797,145.96875,388.890625,left,4.03125,-4.03125
2.906,146.09375,385.5625,left,3.90625,-3.90625
2.906,146.3125,383.3125,left,3.6875,-3.6875
2.906,146.609375,381.09375,left,3.390625,-3.390625
2.906,146.859375,378.8125,left,3.140625,-3.140625
2.906,147.46875,375.59375,left,2.53125,-2.53125
2.906,147.78125,373.390625,left,2.21875,-2.21875
3.11,147.9375,372.25,left,2.0625,-2.0625
3.11,148.234375,370.015625,left,1.765625,-1.765625
3.11,148.578125,366.625,left,1.421875,-1.421875
3.11,148.78125,363.34375,left,1.21875,-1.21875
3.11,148.703125,361.140625,left,1.296875,-1.296875
3.11,148.359375,359.09375,left,1.640625,-1.640625
3.11,147.421875,356.140625,left,2.578125,-2.578125
3.11,146.125,352.140625,left,3.875,-3.875
3.125,145.453125,350.109375,left,4.546875,-4.546875
3.203,145.0,348.125,left,5.0,-5.0
3.203,144.75,345.75,left,5.25,-5.25
3.203,144.609375,343.578125,left,5.390625,-5.390625
3.203,144.625,341.390625,left,5.375,-5.375
3.297,144.625,339.296875,left,5.375,-5.375
3.297,144.75,337.140625,left,5.25,-5.25
3.297,144.890625,334.984375,left,5.109375,-5.109375
3.297,145.25,332.484375,left,4.75,-4.75
3.313,145.484375,330.28125,left,4.515625,-4.515625
3.328,145.9375,327.015625,left,4.0625,-4.0625
3.406,146.109375,325.921875,left,3.890625,-3.890625
3.406,146.640625,323.015625,left,3.359375,-3.359375
3.406,147.203125,320.78125,left,2.796875,-2.796875
3.422,147.734375,318.78125,left,2.265625,-2.265625
3.516,148.34375,316.734375,left,1.65625,-1.65625
3.516,148.5625,315.90625,left,1.4375,-1.4375
3.516,149.453125,312.75,left,0.546875,-0.546875
3.516,149.796875,310.921875,left,0.203125,-0.203125
3.531,150.140625,309.0625,left,0.140625,0.140625
3.61,150.4375,307.09375,left,0.4375,0.4375
3.61,150.640625,305.171875,left,0.640625,0.640625
3.61,150.8125,303.078125,left,0.8125,0.8125
3.61,150.8125,301.109375,left,0.8125,0.8125
3.735,150.859375,298.875,left,0.859375,0.859375
3.735,150.921875,296.765625,left,0.921875,0.921875
3.735,150.578125,293.765625,left,0.578125,0.578125
3.735,150.34375,291.90625,left,0.34375,0.34375
3.735,150.0625,289.984375,left,0.0625,0.0625
3.735,149.5625,288.265625,left,0.4375,-0.4375
3.828,149.46875,286.34375,left,0.53125,-0.53125
3.828,149.15625,284.390625,left,0.84375,-0.84375
3.828,149.015625,282.546875,left,0.984375,-0.984375
3.828,149.046875,280.453125,left,0.953125,-0.953125
3.938,149.078125,278.421875,left,0.921875,-0.921875
3.938,149.125,276.234375,left,0.875,-0.875
3.938,149.203125,274.140625,left,0.796875,-0.796875
3.938,149.328125,272.0,left,0.671875,-0.671875
3.938,149.46875,269.828125,left,0.53125,-0.53125
4.031,149.78125,266.5,left,0.21875,-0.21875
4.125,149.890625,264.390625,left,0.109375,-0.109375
4.125,150.078125,262.0625,left,0.078125,0.078125
4.125,150.328125,259.75,left,0.328125,0.328125
4.125,150.640625,257.578125,left,0.640625,0.640625
4.125,151.046875,255.265625,left,1.046875,1.046875
4.125,151.578125,251.671875,left,1.578125,1.578125
4.125,151.96875,249.375,left,1.96875,1.96875
4.141,152.375,247.078125,left,2.375,2.375
4.219,152.328125,244.90625,left,2.328125,2.328125
4.219,151.984375,242.90625,left,1.984375,1.984375
4.219,151.390625,239.84375,left,1.390625,1.390625
4.219,151.125,237.84375,left,1.125,1.125
4.235,150.828125,235.859375,left,0.828125,0.828125
4.25,150.5,233.75,left,0.5,0.5
4.328,150.296875,231.796875,left,0.296875,0.296875
4.328,150.078125,229.6875,left,0.078125,0.078125
4.328,150.03125,227.609375,left,0.03125,0.03125
4.328,150.078125,225.34375,left,0.078125,0.078125
4.422,150.203125,223.03125,left,0.203125,0.203125
4.438,150.203125,219.53125,left,0.203125,0.203125
4.438,150.328125,217.21875,left,0.328125,0.328125
4.438,150.421875,214.953125,left,0.421875,0.421875
4.453,150.71875,212.71875,left,0.71875,0.71875
4.531,150.984375,210.375,left,0.984375,0.984375
4.531,151.234375,208.078125,left,1.234375,1.234375
4.531,151.734375,204.5625,left,1.734375,1.734375
4.531,152.0,202.1875,left,2.0,2.0
4.563,152.234375,199.921875,left,2.234375,2.234375
4.641,152.21875,197.78125,left,2.21875,2.21875
4.641,152.0,195.59375,left,2.0,2.0
4.641,151.78125,193.46875,left,1.78125,1.78125
4.641,151.375,191.328125,left,1.375,1.375
4.656,150.96875,189.234375,left,0.96875,0.96875
4.735,150.421875,187.015625,left,0.421875,0.421875
4.735,149.921875,185.0,left,0.078125,-0.078125
4.735,149.5625,182.984375,left,0.4375,-0.4375
4.75,149.125,180.984375,left,0.875,-0.875
4.766,148.6875,179.015625,left,1.3125,-1.3125
4.844,148.21875,177.21875,left,1.78125,-1.78125
4.844,147.734375,175.296875,left,2.265625,-2.265625
4.844,147.5,173.40625,left,2.5,-2.5
4.844,147.34375,171.375,left,2.65625,-2.65625
4.953,147.25,168.65625,left,2.75,-2.75
4.953,147.203125,166.796875,left,2.796875,-2.796875
4.953,147.296875,164.984375,left,2.703125,-2.703125
4.953,147.484375,163.125,left,2.515625,-2.515625
4.953,147.640625,161.078125,left,2.359375,-2.359375
5.047,147.90625,159.15625,left,2.09375,-2.09375
5.047,148.171875,157.234375,left,1.828125,-1.828125
5.047,148.5,155.234375,left,1.5,-1.5
5.047,148.828125,153.234375,left,1.171875,-1.171875
5.063,149.0,151.09375,left,1.0,-1.0
5.141,149.890625,149.078125,top,0.9283406735945593,-0.9283406735945593
5.141,150.578125,147.296875,top,2.703125,-2.703125
5.141,151.28125,145.984375,top,4.015625,-4.015625
5.156,151.5,145.96875,top,4.03125,-4.03125
5.172,151.46875,146.140625,top,3.859375,-3.859375
5.235,151.359375,146.40625,top,3.59375,-3.59375
5.235,151.453125,146.671875,top,3.328125,-3.328125
5.25,152.390625,146.96875,top,3.03125,-3.03125
5.281,153.375,147.21875,top,2.78125,-2.78125
5.344,154.546875,147.515625,top,2.484375,-2.484375
5.344,155.921875,147.796875,top,2.203125,-2.203125
5.344,157.5,148.1875,top,1.8125,-1.8125
5.344,159.171875,148.5,top,1.5,-1.5
5.375,160.921875,148.78125,top,1.21875,-1.21875
5.453,163.75,149.0625,top,0.9375,-0.9375
5.453,165.625,149.21875,top,0.78125,-0.78125
5.453,167.640625,149.359375,top,0.640625,-0.640625
5.453,169.671875,149.640625,top,0.359375,-0.359375
5.485,171.625,149.875,top,0.125,-0.125
5.563,173.890625,150.109375,top,0.109375,0.109375
5.563,175.96875,150.40625,top,0.40625,0.40625
5.563,178.125,150.625,top,0.625,0.625
5.563,180.3125,150.875,top,0.875,0.875
5.641,182.34375,151.140625,top,1.140625,1.140625
5.656,184.671875,151.5,top,1.5,1.5
5.656,187.84375,151.984375,top,1.984375,1.984375
5.656,190.09375,152.0625,top,2.0625,2.0625
5.672,192.25,152.234375,top,2.234375,2.234375
5.766,194.421875,152.5,top,2.5,2.5
5.766,197.671875,152.59375,top,2.59375,2.59375
5.766,199.828125,152.4375,top,2.4375,2.4375
5.766,202.0625,152.125,top,2.125,2.125
5.781,204.46875,151.59375,top,1.59375,1.59375
5.86,206.828125,151.046875,top,1.046875,1.046875
5.86,209.390625,150.40625,top,0.40625,0.40625
5.86,212.96875,149.390625,top,0.609375,-0.609375
5.875,215.390625,148.859375,top,1.140625,-1.140625
5.891,217.546875,148.296875,top,1.703125,-1.703125
5.953,219.875,147.640625,top,2.359375,-2.359375
5.953,222.3125,146.9375,top,3.0625,-3.0625
5.969,224.53125,146.46875,top,3.53125,-3.53125
5.985,226.828125,146.046875,top,3.953125,-3.953125
6.063,230.265625,145.84375,top,4.15625,-4.15625
6.063,232.625,145.734375,top,4.265625,-4.265625
6.063,234.9375,145.671875,top,4.328125,-4.328125
6.063,237.28125,145.65625,top,4.34375,-4.34375
6.078,239.53125,145.703125,top,4.296875,-4.296875
6.172,241.78125,145.6875,top,4.3125,-4.3125
6.172,244.125,145.796875,top,4.203125,-4.203125
6.172,247.671875,145.9375,top,4.0625,-4.0625
6.172,250.0,146.0,top,4.0,-4.0
6.203,252.25,146.140625,top,3.859375,-3.859375
6.266,254.53125,146.28125,top,3.71875,-3.71875
6.266,256.796875,146.40625,top,3.59375,-3.59375
6.266,260.125,146.828125,top,3.171875,-3.171875
6.266,262.265625,146.953125,top,3.046875,-3.046875
6.297,264.453125,147.09375,top,2.90625,-2.90625
6.375,266.71875,147.234375,top,2.765625,-2.765625
6.375,268.96875,147.453125,top,2.546875,-2.546875
6.375,271.3125,147.625,top,2.375,-2.375
6.375,273.5,147.90625,top,2.09375,-2.09375
6.485,275.8125,148.0,top,2.0,-2.0
6.485,279.234375,148.40625,top,1.59375,-1.59375
6.485,281.4375,148.703125,top,1.296875,-1.296875
6.485,283.625,148.90625,top,1.09375,-1.09375
6.594,286.828125,149.28125,top,0.71875,-0.71875
6.594,288.78125,149.484375,top,0.515625,-0.515625
6.594,290.84375,149.734375,top,0.265625,-0.265625
6.594,292.953125,150.09375,top,0.09375,0.09375
6.594,294.96875,150.390625,top,0.390625,0.390625
6.61,297.109375,150.796875,top,0.796875,0.796875
6.703,299.125,151.140625,top,1.140625,1.140625
6.703,301.546875,151.515625,top,1.515625,1.515625
6.703,303.6875,151.84375,top,1.84375,1.84375
6.703,306.890625,152.125,top,2.125,2.125
6.781,309.15625,152.171875,top,2.171875,2.171875
6.781,311.40625,152.0625,top,2.0625,2.0625
6.781,313.625,151.78125,top,1.78125,1.78125
6.781,317.015625,151.25,top,1.25,1.25
6.891,319.4375,150.671875,top,0.671875,0.671875
6.891,321.75,150.25,top,0.25,0.25
6.891,324.21875,149.671875,top,0.328125,-0.328125
6.891,326.53125,149.0625,top,0.9375,-0.9375
6.891,329.09375,148.609375,top,1.390625,-1.390625
6.906,331.515625,148.1875,top,1.8125,-1.8125
7.0,333.875,147.78125,top,2.21875,-2.21875
7.0,337.546875,147.09375,top,2.90625,-2.90625
7.0,339.984375,146.84375,top,3.15625,-3.15625
7.0,342.328125,146.828125,top,3.171875,-3.171875
7.016,344.671875,146.90625,top,3.09375,-3.09375
7.094,346.96875,146.921875,top,3.078125,-3.078125
7.094,349.34375,146.9375,top,3.0625,-3.0625
7.094,351.765625,146.96875,top,3.03125,-3.03125
7.094,354.15625,146.984375,top,3.015625,-3.015625
7.125,356.515625,147.0625,top,2.9375,-2.9375
7.313,359.96875,147.21875,top,2.78125,-2.78125
7.313,362.25,147.390625,top,2.609375,-2.609375
7.313,364.625,147.546875,top,2.453125,-2.453125
7.313,366.890625,147.71875,top,2.28125,-2.28125
7.313,370.359375,147.6875,top,2.3125,-2.3125
7.313,372.578125,147.875,top,2.125,-2.125
7.328,375.0,147.96875,top,2.03125,-2.03125
7.328,377.21875,148.09375,top,1.90625,-1.90625
7.328,379.5625,148.296875,top,1.703125,-1.703125
7.406,381.890625,148.515625,top,1.484375,-1.484375
7.406,384.140625,148.515625,top,1.484375,-1.484375
7.406,386.515625,148.375,top,1.625,-1.625
7.406,388.78125,148.359375,top,1.640625,-1.640625
7.516,392.09375,148.359375,top,1.640625,-1.640625
7.516,394.34375,148.46875,top,1.53125,-1.53125
7.516,396.609375,148.65625,top,1.34375,-1.34375
7.516,398.84375,148.828125,top,1.171875,-1.171875
7.516,401.09375,149.03125,top,0.96875,-0.96875
7.531,403.515625,149.265625,top,0.734375,-0.734375
7.61,405.8125,149.46875,top,0.53125,-0.53125
7.61,408.0625,149.703125,top,0.296875,-0.296875
7.61,411.46875,149.984375,top,0.015625,-0.015625
7.625,413.625,150.203125,top,0.203125,0.203125
7.688,415.84375,150.4375,top,0.4375,0.4375
7.703,418.03125,150.671875,top,0.671875,0.671875
7.703,420.15625,150.90625,top,0.90625,0.90625
7.703,422.234375,151.171875,top,1.171875,1.171875
7.719,425.3125,151.46875,top,1.46875,1.46875
7.797,427.21875,151.640625,top,1.640625,1.640625
7.797,429.25,151.859375,top,1.859375,1.859375
7.797,430.953125,152.078125,top,2.078125,2.078125
7.797,432.890625,152.40625,top,2.40625,2.40625
7.828,434.65625,152.6875,top,2.6875,2.6875
7.922,436.453125,152.96875,top,2.96875,2.96875
7.922,438.34375,153.375,top,3.375,3.375
7.922,440.140625,153.71875,top,3.71875,3.71875
7.922,442.984375,153.984375,top,3.984375,3.984375
7.938,443.984375,153.953125,top,3.953125,3.953125
8.016,446.234375,153.75,top,3.75,3.75
8.016,448.96875,153.1875,right,1.03125,1.03125
8.016,450.703125,152.765625,right,0.703125,-0.703125
8.016,452.46875,152.078125,right,2.46875,-2.46875
8.031,453.9375,151.359375,right,3.9375,-3.9375
8.11,454.875,150.65625,right,4.875,-4.875
8.11,454.96875,150.34375,right,4.96875,-4.96875
8.11,454.765625,150.375,right,4.765625,-4.765625
8.125,454.453125,150.625,right,4.453125,-4.453125
8.219,454.328125,150.796875,right,4.328125,-4.328125
8.219,454.09375,151.34375,right,4.09375,-4.09375
8.219,454.015625,152.09375,right,4.015625,-4.015625
8.219,453.9375,153.171875,right,3.9375,-3.9375
8.235,453.828125,154.5,right,3.828125,-3.828125
8.328,453.65625,155.9375,right,3.65625,-3.65625
8.328,453.53125,157.53125,right,3.53125,-3.53125
8.328,453.453125,159.203125,right,3.453125,-3.453125
8.328,453.28125,160.125,right,3.28125,-3.28125
8.344,453.078125,163.015625,right,3.078125,-3.078125
8.438,452.734375,165.375,right,2.734375,-2.734375
8.438,452.5,167.515625,right,2.5,-2.5
8.438,452.390625,169.53125,right,2.390625,-2.390625
8.438,452.375,171.5,right,2.375,-2.375
8.61,452.234375,174.53125,right,2.234375,-2.234375
8.61,452.171875,176.4375,right,2.171875,-2.171875
8.61,452.09375,178.46875,right,2.09375,-2.09375
8.61,451.875,180.453125,right,1.875,-1.875
8.61,451.734375,182.484375,right,1.734375,-1.734375
8.61,451.640625,184.46875,right,1.640625,-1.640625
8.61,451.6875,186.5,right,1.6875,-1.6875
8.61,451.6875,188.546875,right,1.6875,-1.6875
8.641,451.671875,190.609375,right,1.671875,-1.671875
8.735,451.71875,192.5,right,1.71875,-1.71875
8.735,451.484375,195.625,right,1.484375,-1.484375
8.735,451.515625,197.703125,right,1.515625,-1.515625
8.735,451.609375,199.609375,right,1.609375,-1.609375
8.735,451.71875,201.578125,right,1.71875,-1.71875
8.75,451.71875,203.65625,right,1.71875,-1.71875
8.828,451.6875,205.5625,right,1.6875,-1.6875
8.828,451.5625,207.453125,right,1.5625,-1.5625
8.828,451.390625,209.96875,right,1.390625,-1.390625
8.86,451.328125,211.890625,right,1.328125,-1.328125
8.938,451.203125,213.625,right,1.203125,-1.203125
8.938,451.09375,215.34375,right,1.09375,-1.09375
8.938,450.953125,218.140625,right,0.953125,-0.953125
8.938,450.953125,220.0,right,0.953125,-0.953125
8.953,450.8125,221.890625,right,0.8125,-0.8125
9.031,450.625,223.734375,right,0.625,-0.625
9.031,450.53125,226.65625,right,0.53125,-0.53125
9.031,450.5,228.5625,right,0.5,-0.5
9.047,450.421875,230.828125,right,0.421875,-0.421875
9.156,450.390625,233.75,right,0.390625,-0.390625
9.156,450.375,235.609375,right,0.375,-0.375
9.156,450.4375,237.6875,right,0.4375,-0.4375
9.156,450.515625,240.609375,right,0.515625,-0.515625
9.25,450.609375,242.625,right,0.609375,-0.609375
9.25,450.65625,244.625,right,0.65625,-0.65625
9.25,450.796875,247.78125,right,0.796875,-0.796875
9.25,450.859375,249.84375,right,0.859375,-0.859375
9.25,450.984375,251.953125,right,0.984375,-0.984375
9.344,451.109375,253.96875,right,1.109375,-1.109375
9.344,451.34375,256.953125,right,1.34375,-1.34375
9.344,451.515625,258.9375,right,1.515625,-1.515625
9.344,451.640625,260.90625,right,1.640625,-1.640625
9.375,451.8125,263.921875,right,1.8125,-1.8125
9.438,451.9375,265.875,right,1.9375,-1.9375
9.438,452.0625,267.84375,right,2.0625,-2.0625
9.453,452.28125,270.8125,right,2.28125,-2.28125
9.453,452.453125,272.796875,right,2.453125,-2.453125
9.485,452.578125,274.71875,right,2.578125,-2.578125
9.547,452.453125,276.65625,right,2.453125,-2.453125
9.547,452.453125,279.546875,right,2.453125,-2.453125
9.547,452.359375,281.390625,right,2.359375,-2.359375
9.563,452.453125,283.1875,right,2.453125,-2.453125
9.641,452.453125,285.0,right,2.453125,-2.453125
9.641,452.46875,286.734375,right,2.46875,-2.46875
9.641,452.421875,288.5,right,2.421875,-2.421875
9.656,452.390625,290.3125,right,2.390625,-2.390625
9.672,452.4375,292.359375,right,2.4375,-2.4375
9.766,452.46875,294.546875,right,2.46875,-2.46875
9.766,452.5,297.546875,right,2.5,-2.5
9.766,452.578125,299.84375,right,2.578125,-2.578125
9.766,452.625,301.703125,right,2.625,-2.625
9.781,452.515625,303.75,right,2.515625,-2.515625
9.86,452.65625,305.703125,right,2.65625,-2.65625
9.86,452.734375,307.75,right,2.734375,-2.734375
9.86,452.8125,309.6875,right,2.8125,-2.8125
9.875,452.671875,311.59375,right,2.671875,-2.671875
9.953,452.59375,314.375,right,2.59375,-2.59375
9.969,452.53125,316.1875,right,2.53125,-2.53125
9.969,452.453125,318.078125,right,2.453125,-2.453125
9.969,452.515625,320.0,right,2.515625,-2.515625
9.969,452.640625,321.890625,right,2.640625,-2.640625
10.078,452.671875,323.796875,right,2.671875,-2.671875
10.078,452.703125,325.78125,right,2.703125,-2.703125
10.078,452.75,327.78125,right,2.75,-2.75
10.078,452.71875,330.84375,right,2.71875,-2.71875
10.094,452.75,332.875,right,2.75,-2.75
10.172,452.78125,334.921875,right,2.78125,-2.78125
10.172,452.875,337.078125,right,2.875,-2.875
10.172,452.953125,339.171875,right,2.953125,-2.953125
10.172,453.03125,341.3125,right,3.03125,-3.03125
10.188,453.1875,344.484375,right,3.1875,-3.1875
10.266,453.265625,346.609375,right,3.265625,-3.265625
10.266,453.453125,348.65625,right,3.453125,-3.453125
10.266,453.578125,350.6875,right,3.578125,-3.578125
10.281,453.609375,352.75,right,3.609375,-3.609375
10.375,453.671875,354.734375,right,3.671875,-3.671875
10.375,453.578125,356.78125,right,3.578125,-3.578125
10.375,453.6875,358.890625,right,3.6875,-3.6875
10.375,453.671875,361.03125,right,3.671875,-3.671875
10.391,453.671875,364.078125,right,3.671875,-3.671875
10.453,453.578125,366.1875,right,3.578125,-3.578125
10.453,453.515625,368.296875,right,3.515625,-3.515625
10.453,453.46875,370.328125,right,3.46875,-3.46875
10.469,453.390625,372.3125,right,3.390625,-3.390625
10.485,453.375,373.28125,right,3.375,-3.375
10.563,453.28125,376.234375,right,3.28125,-3.28125
10.563,453.234375,378.28125,right,3.234375,-3.234375
10.563,453.140625,381.203125,right,3.140625,-3.140625
10.578,453.078125,383.203125,right,3.078125,-3.078125
10.594,453.015625,385.15625,right,3.015625,-3.015625
10.672,452.953125,387.234375,right,2.953125,-2.953125
10.672,452.875,389.25,right,2.875,-2.875
10.672,452.890625,391.328125,right,2.890625,-2.890625
10.672,452.890625,393.328125,right,2.890625,-2.890625
10.703,453.03125,396.296875,right,3.03125,-3.03125
10.781,453.09375,398.484375,right,3.09375,-3.09375
10.781,453.140625,400.46875,right,3.140625,-3.140625
10.781,453.171875,402.484375,right,3.171875,-3.171875
10.781,453.234375,404.59375,right,3.234375,-3.234375
10.813,453.1875,406.53125,right,3.1875,-3.1875
10.891,453.125,408.4375,right,3.125,-3.125
10.891,452.875,411.4375,right,2.875,-2.875
10.891,452.609375,413.328125,right,2.609375,-2.609375
10.891,452.296875,415.25,right,2.296875,-2.296875
10.985,451.84375,417.125,right,1.84375,-1.84375
10.985,451.28125,418.859375,right,1.28125,-1.28125
10.985,450.703125,420.40625,right,0.703125,-0.703125
10.985,450.03125,422.125,right,0.03125,-0.03125
11.0,449.40625,423.734375,right,0.59375,0.59375
11.078,448.828125,425.328125,right,1.171875,1.171875
11.203,448.46875,427.0,right,1.53125,1.53125
11.203,448.21875,428.640625,right,1.78125,1.78125
11.203,447.984375,430.296875,right,2.015625,2.015625
11.203,447.859375,432.765625,right,2.140625,2.140625
11.203,447.875,434.28125,right,2.125,2.125
11.203,447.96875,435.828125,right,2.03125,2.03125
11.203,448.4375,437.28125,right,1.5625,1.5625
11.203,449.125,438.734375,right,0.875,0.875
11.297,449.6875,440.3125,right,0.3125,0.3125
11.313,450.265625,441.859375,right,0.265625,-0.265625
11.328,450.703125,443.390625,right,0.703125,-0.703125
11.328,451.21875,444.875,right,1.21875,-1.21875
11.328,451.625,446.359375,right,1.625,-1.625
11.391,451.859375,448.703125,right,1.859375,-1.859375
11.391,451.9375,450.328125,right,1.9650883607677798,-1.9650883607677798
11.391,451.984375,451.84375,right,2.708718922872028,-2.708718922872028
11.391,452.0,452.921875,right,3.540812550195929,-3.540812550195929
11.406,451.59375,453.03125,right,3.4246920481993706,-3.4246920481993706
11.5,451.34375,452.953125,right,3.244473967860584,-3.244473967860584
11.5,451.1875,452.703125,right,2.9524635502618826,-2.9524635502618826
11.5,451.171875,452.453125,right,2.7186601996663726,-2.7186601996663726
11.5,450.875,452.125,right,2.2980970388562794,-2.2980970388562794
11.516,450.15625,451.96875,right,1.9749406636656202,-1.9749406636656202
11.578,449.125,451.796875,bottom,1.796875,-1.796875
11.578,447.34375,451.515625,bottom,1.515625,-1.515625
11.578,445.96875,451.421875,bottom,1.421875,-1.421875
11.594,444.359375,451.28125,bottom,1.28125,-1.28125
11.61,442.53125,451.140625,bottom,1.140625,-1.140625
11.703,440.75,451.03125,bottom,1.03125,-1.03125
11.703,437.953125,450.921875,bottom,0.921875,-0.921875
11.703,435.890625,450.859375,bottom,0.859375,-0.859375
11.703,433.859375,450.703125,bottom,0.703125,-0.703125
11.906,431.828125,450.65625,bottom,0.65625,-0.65625
11.906,429.765625,450.484375,bottom,0.484375,-0.484375
11.906,427.625,450.328125,bottom,0.328125,-0.328125
11.906,425.421875,450.25,bottom,0.25,-0.25
11.906,423.1875,450.140625,bottom,0.140625,-0.140625
11.906,420.953125,450.0,bottom,0.0,0.0
11.906,417.484375,449.765625,bottom,0.234375,0.234375
11.906,415.25,449.703125,bottom,0.296875,0.296875
11.906,413.03125,449.515625,bottom,0.484375,0.484375
12.016,410.765625,449.34375,bottom,0.65625,0.65625
12.016,408.578125,449.078125,bottom,0.921875,0.921875
12.016,405.09375,449.078125,bottom,0.921875,0.921875
12.016,402.546875,449.203125,bottom,0.796875,0.796875
12.016,400.125,449.375,bottom,0.625,0.625
12.11,397.6875,449.421875,bottom,0.578125,0.578125
12.11,395.234375,449.5625,bottom,0.4375,0.4375
12.11,392.875,449.71875,bottom,0.28125,0.28125
12.11,390.53125,449.9375,bottom,0.0625,0.0625
12.11,388.15625,450.1875,bottom,0.1875,-0.1875
12.141,385.640625,450.515625,bottom,0.515625,-0.515625
12.219,383.359375,450.84375,bottom,0.84375,-0.84375
12.219,379.8125,451.28125,bottom,1.28125,-1.28125
12.219,377.328125,451.625,bottom,1.625,-1.625
12.235,375.0,451.84375,bottom,1.84375,-1.84375
12.625,372.625,452.078125,bottom,2.078125,-2.078125
12.625,370.03125,452.34375,bottom,2.34375,-2.34375
12.625,367.625,452.640625,bottom,2.640625,-2.640625
12.625,365.34375,452.8125,bottom,2.8125,-2.8125
12.625,363.046875,453.0625,bottom,3.0625,-3.0625
12.625,360.609375,453.25,bottom,3.25,-3.25
12.625,358.25,453.46875,bottom,3.46875,-3.46875
12.625,354.78125,453.6875,bottom,3.6875,-3.6875
12.625,352.421875,453.796875,bottom,3.796875,-3.796875
12.625,350.046875,453.921875,bottom,3.921875,-3.921875
12.625,347.65625,454.0625,bottom,4.0625,-4.0625
12.625,345.21875,454.1875,bottom,4.1875,-4.1875
12.625,341.578125,454.3125,bottom,4.3125,-4.3125
12.625,339.21875,454.421875,bottom,4.421875,-4.421875
12.625,336.84375,454.390625,bottom,4.390625,-4.390625
12.625,334.609375,454.25,bottom,4.25,-4.25
12.625,332.453125,454.125,bottom,4.125,-4.125
12.625,330.109375,453.921875,bottom,3.921875,-3.921875
12.625,326.765625,453.46875,bottom,3.46875,-3.46875
12.656,324.578125,453.171875,bottom,3.171875,-3.171875
12.719,322.40625,452.90625,bottom,2.90625,-2.90625
12.719,320.171875,452.609375,bottom,2.609375,-2.609375
12.719,317.875,452.484375,bottom,2.484375,-2.484375
12.735,315.78125,452.203125,bottom,2.203125,-2.203125
12.828,313.6875,452.015625,bottom,2.015625,-2.015625
12.828,310.578125,451.828125,bottom,1.828125,-1.828125
12.828,308.5,451.65625,bottom,1.65625,-1.65625
12.828,306.359375,451.5625,bottom,1.5625,-1.5625
12.844,304.1875,451.484375,bottom,1.484375,-1.484375
12.922,300.9375,451.296875,bottom,1.296875,-1.296875
12.922,298.578125,451.125,bottom,1.125,-1.125
12.922,296.3125,450.90625,bottom,0.90625,-0.90625
12.922,294.203125,450.71875,bottom,0.71875,-0.71875
12.953,291.953125,450.546875,bottom,0.546875,-0.546875
13.031,289.53125,450.3125,bottom,0.3125,-0.3125
13.031,287.3125,450.09375,bottom,0.09375,-0.09375
13.031,284.0625,449.9375,bottom,0.0625,0.0625
13.031,281.84375,449.703125,bottom,0.296875,0.296875
13.047,279.53125,449.40625,bottom,0.59375,0.59375
13.219,277.21875,449.21875,bottom,0.78125,0.78125
13.219,274.828125,449.15625,bottom,0.84375,0.84375
13.219,272.5,449.0625,bottom,0.9375,0.9375
13.219,270.265625,448.984375,bottom,1.015625,1.015625
13.219,268.078125,449.0,bottom,1.0,1.0
13.219,265.75,448.96875,bottom,1.03125,1.03125
13.219,263.421875,448.984375,bottom,1.015625,1.015625
13.219,259.859375,449.09375,bottom,0.90625,0.90625
13.25,257.546875,449.234375,bottom,0.765625,0.765625
13.328,255.1875,449.375,bottom,0.625,0.625
13.328,252.734375,449.703125,bottom,0.296875,0.296875
13.328,250.453125,450.0,bottom,0.0,0.0
13.344,246.984375,450.4375,bottom,0.4375,-0.4375
13.36,244.640625,450.71875,bottom,0.71875,-0.71875
13.438,242.328125,451.046875,bottom,1.046875,-1.046875
13.438,239.921875,451.234375,bottom,1.234375,-1.234375
13.438,237.53125,451.484375,bottom,1.484375,-1.484375
13.438,235.234375,451.6875,bottom,1.6875,-1.6875
13.453,232.96875,451.84375,bottom,1.84375,-1.84375
13.547,230.625,451.921875,bottom,1.921875,-1.921875
13.547,228.25,451.984375,bottom,1.984375,-1.984375
13.547,225.96875,452.078125,bottom,2.078125,-2.078125
13.547,223.5625,452.125,bottom,2.125,-2.125
13.641,220.0,452.09375,bottom,2.09375,-2.09375
13.641,217.78125,452.046875,bottom,2.046875,-2.046875
13.641,215.546875,452.0,bottom,2.0,-2.0
13.641,213.1875,451.890625,bottom,1.890625,-1.890625
13.672,209.796875,451.65625,bottom,1.65625,-1.65625
13.766,207.546875,451.546875,bottom,1.546875,-1.546875
13.766,205.265625,451.4375,bottom,1.4375,-1.4375
13.766,201.84375,451.421875,bottom,1.421875,-1.421875
13.766,199.625,451.296875,bottom,1.296875,-1.296875
13.766,197.28125,451.15625,bottom,1.15625,-1.15625
13.86,195.109375,451.03125,bottom,1.03125,-1.03125
13.86,191.71875,450.96875,bottom,0.96875,-0.96875
13.86,189.546875,451.015625,bottom,1.015625,-1.015625
13.86,187.1875,450.953125,bottom,0.953125,-0.953125
13.953,185.0,450.84375,bottom,0.84375,-0.84375
13.953,182.8125,450.625,bottom,0.625,-0.625
13.953,180.609375,450.390625,bottom,0.390625,-0.390625
13.953,177.453125,449.9375,bottom,0.0625,0.0625
13.985,175.390625,449.71875,bottom,0.28125,0.28125
14.063,173.484375,449.40625,bottom,0.59375,0.59375
14.063,171.40625,449.09375,bottom,0.90625,0.90625
14.063,169.515625,449.0,bottom,1.0,1.0
14.063,167.609375,448.859375,bottom,1.140625,1.140625
14.156,165.71875,448.78125,bottom,1.21875,1.21875
14.156,162.921875,448.65625,bottom,1.34375,1.34375
14.156,161.109375,448.546875,bottom,1.453125,1.453125
14.156,159.25,448.4375,bottom,1.5625,1.5625
14.156,157.328125,448.4375,bottom,1.5625,1.5625
14.188,155.5,448.375,bottom,1.625,1.625
14.266,153.75,448.328125,bottom,1.671875,1.671875
14.266,151.921875,448.359375,bottom,1.640625,1.640625
14.266,150.09375,448.28125,left,0.09375,0.09375
14.266,148.3125,448.234375,left,1.6875,-1.6875
14.344,146.65625,448.28125,left,3.34375,-3.34375
14.344,146.703125,448.265625,left,3.296875,-3.296875
14.344,147.046875,448.203125,left,2.953125,-2.953125
14.375,147.359375,448.171875,left,2.640625,-2.640625
14.375,147.546875,448.15625,left,2.453125,-2.453125
14.469,147.515625,447.578125,left,2.484375,-2.484375
14.469,147.578125,446.734375,left,2.421875,-2.421875
14.469,147.609375,446.234375,left,2.390625,-2.390625
14.469,147.796875,443.75,left,2.203125,-2.203125
14.563,147.859375,442.1875,left,2.140625,-2.140625
14.563,147.921875,440.5625,left,2.078125,-2.078125
14.563,147.984375,438.75,left,2.015625,-2.015625
14.563,148.03125,436.875,left,1.96875,-1.96875
14.563,148.296875,433.984375,left,1.703125,-1.703125
14.688,148.546875,432.015625,left,1.453125,-1.453125
14.688,148.8125,429.984375,left,1.1875,-1.1875
14.688,149.109375,427.984375,left,0.890625,-0.890625
14.688,149.5,424.875,left,0.5,-0.5
14.703,149.765625,422.875,left,0.234375,-0.234375
14.766,149.765625,420.828125,left,0.234375,-0.234375
14.766,149.328125,417.875,left,0.671875,-0.671875
14.766,148.875,415.6875,left,1.125,-1.125
14.781,148.390625,413.703125,left,1.609375,-1.609375
14.797,147.90625,411.671875,left,2.09375,-2.09375
14.875,147.46875,409.6875,left,2.53125,-2.53125
14.875,147.03125,407.796875,left,2.96875,-2.96875
14.875,146.734375,405.8125,left,3.265625,-3.265625
14.985,146.578125,402.8125,left,3.421875,-3.421875
14.985,146.46875,400.765625,left,3.53125,-3.53125
14.985,146.3125,398.4375,left,3.6875,-3.6875
14.985,146.328125,397.34375,left,3.671875,-3.671875
14.985,146.328125,397.34375,left,3.671875,-3.671875
15.078,146.375,391.140625,left,3.625,-3.625
15.078,146.59375,389.015625,left,3.40625,-3.40625
15.078,146.828125,386.890625,left,3.171875,-3.171875
15.078,147.0,384.578125,left,3.0,-3.0
15.078,147.15625,382.40625,left,2.84375,-2.84375
15.11,147.328125,381.25,left,2.671875,-2.671875
15.188,147.40625,377.21875,left,2.59375,-2.59375
15.188,147.484375,375.03125,left,2.515625,-2.515625
15.188,147.421875,372.9375,left,2.578125,-2.578125
15.188,147.15625,370.828125,left,2.84375,-2.84375
15.266,146.859375,368.75,left,3.140625,-3.140625
15.266,146.46875,366.75,left,3.53125,-3.53125
15.266,146.078125,364.65625,left,3.921875,-3.921875
15.266,145.5625,361.65625,left,4.4375,-4.4375
15.297,145.203125,359.640625,left,4.796875,-4.796875
15.375,144.90625,356.46875,left,5.09375,-5.09375
15.375,144.84375,354.4375,left,5.15625,-5.15625
15.375,144.875,353.328125,left,5.125,-5.125
15.391,145.109375,350.171875,left,4.890625,-4.890625
15.406,145.375,348.0,left,4.625,-4.625
15.5,145.75,345.796875,left,4.25,-4.25
15.5,146.359375,342.46875,left,3.640625,-3.640625
15.5,146.734375,340.21875,left,3.265625,-3.265625
15.5,147.03125,337.90625,left,2.96875,-2.96875
15.5,147.625,334.46875,left,2.375,-2.375
15.594,148.03125,332.328125,left,1.96875,-1.96875
15.594,148.3125,330.15625,left,1.6875,-1.6875
15.594,148.5,327.953125,left,1.5,-1.5
15.594,148.625,325.671875,left,1.375,-1.375
15.703,148.625,324.671875,left,1.375,-1.375
15.703,148.640625,320.734375,left,1.359375,-1.359375
15.703,148.671875,318.859375,left,1.328125,-1.328125
15.703,148.546875,317.21875,left,1.453125,-1.453125
15.703,148.25,315.40625,left,1.75,-1.75
15.797,148.078125,313.828125,left,1.921875,-1.921875
15.797,147.65625,312.15625,left,2.34375,-2.34375
15.797,147.40625,311.28125,left,2.59375,-2.59375
15.797,146.921875,308.796875,left,3.078125,-3.078125
15.813,146.578125,306.6875,left,3.421875,-3.421875
15.906,146.328125,304.578125,left,3.671875,-3.671875
15.906,146.234375,303.125,left,3.765625,-3.765625
15.906,146.234375,300.046875,left,3.765625,-3.765625
15.906,146.453125,297.78125,left,3.546875,-3.546875
15.922,146.59375,295.78125,left,3.40625,-3.40625
15.985,146.75,293.75,left,3.25,-3.25
15.985,147.03125,290.59375,left,2.96875,-2.96875
15.985,147.1875,288.25,left,2.8125,-2.8125
16.0,147.375,286.078125,left,2.625,-2.625
16.016,147.4375,284.109375,left,2.5625,-2.5625
16.11,147.765625,281.890625,left,2.234375,-2.234375
16.11,147.953125,279.671875,left,2.046875,-2.046875
16.11,148.3125,277.4375,left,1.6875,-1.6875
16.11,148.546875,275.125,left,1.453125,-1.453125
16.203,148.75,271.671875,left,1.25,-1.25
16.219,148.96875,269.53125,left,1.03125,-1.03125
16.219,149.140625,267.203125,left,0.859375,-0.859375
16.219,149.046875,264.90625,left,0.953125,-0.953125
16.219,148.765625,262.78125,left,1.234375,-1.234375
16.297,148.375,260.796875,left,1.625,-1.625
16.297,147.734375,257.921875,left,2.265625,-2.265625
16.297,147.21875,255.921875,left,2.78125,-2.78125
16.297,146.859375,253.875,left,3.140625,-3.140625
16.328,146.65625,251.828125,left,3.34375,-3.34375
16.422,146.453125,248.609375,left,3.546875,-3.546875
16.422,146.484375,246.59375,left,3.515625,-3.515625
16.422,146.578125,244.484375,left,3.421875,-3.421875
16.438,146.640625,242.28125,left,3.359375,-3.359375
16.438,146.78125,240.03125,left,3.21875,-3.21875
16.516,147.109375,237.75,left,2.890625,-2.890625
16.516,147.421875,235.46875,left,2.578125,-2.578125
16.516,147.59375,233.078125,left,2.40625,-2.40625
16.516,147.875,230.84375,left,2.125,-2.125
16.61,148.140625,228.4375,left,1.859375,-1.859375
16.61,148.484375,226.140625,left,1.515625,-1.515625
16.61,148.953125,223.84375,left,1.046875,-1.046875
16.61,149.453125,221.296875,left,0.546875,-0.546875
16.61,149.9375,218.875,left,0.0625,-0.0625
16.719,150.453125,215.421875,left,0.453125,0.453125
16.719,150.65625,213.15625,left,0.65625,0.65625
16.719,150.65625,210.796875,left,0.65625,0.65625
16.719,150.4375,208.765625,left,0.4375,0.4375
16.75,149.90625,205.84375,left,0.09375,-0.09375
16.813,149.734375,204.84375,left,0.265625,-0.265625
16.813,149.09375,201.953125,left,0.90625,-0.90625
16.813,148.5625,198.875,left,1.4375,-1.4375
16.828,148.34375,196.859375,left,1.65625,-1.65625
16.906,148.1875,194.796875,left,1.8125,-1.8125
16.906,147.9375,191.359375,left,2.0625,-2.0625
16.906,147.84375,189.1875,left,2.15625,-2.15625
16.906,147.875,186.921875,left,2.125,-2.125
16.938,147.90625,185.875,left,2.09375,-2.09375
17.031,148.109375,183.203125,left,1.890625,-1.890625
17.031,148.78125,179.859375,left,1.21875,-1.21875
17.031,149.15625,177.671875,left,0.84375,-0.84375
17.031,149.40625,175.5625,left,0.59375,-0.59375
17.047,149.671875,173.5,left,0.328125,-0.328125
17.125,149.90625,171.4375,left,0.09375,-0.09375
17.125,150.171875,169.421875,left,0.171875,0.171875
17.125,150.484375,167.5,left,0.484375,0.484375
17.125,150.78125,165.40625,left,0.78125,0.78125
17.156,150.9375,163.46875,left,0.9375,0.9375
17.219,151.140625,161.59375,left,1.140625,1.140625
17.219,151.078125,159.734375,left,1.078125,1.078125
17.219,150.890625,157.984375,left,0.890625,0.890625
17.235,150.75,156.234375,left,0.75,0.75
17.266,150.453125,154.46875,left,0.453125,0.453125
17.328,150.015625,152.046875,left,0.015625,0.015625
17.328,149.6875,150.265625,left,0.3125,-0.3125
17.328,149.40625,148.5,top,1.6132386873925384,-1.6132386873925384
17.328,149.1875,147.546875,top,2.5841784991801555,-2.5841784991801555
17.438,149.203125,147.125,top,2.9833931630988566,-2.9833931630988566
17.438,149.375,147.125,top,2.942150573984955,-2.942150573984955
17.438,149.4375,147.15625,top,2.8988481009704525,-2.8988481009704525
17.438,149.5625,147.21875,top,2.815449841943557,-2.815449841943557
17.453,150.078125,147.40625,top,2.59375,-2.59375
17.531,151.046875,147.453125,top,2.546875,-2.546875
17.531,152.265625,147.515625,top,2.484375,-2.484375
17.531,153.765625,147.5625,top,2.4375,-2.4375
17.531,155.328125,147.609375,top,2.390625,-2.390625
17.563,156.984375,147.65625,top,2.34375,-2.34375
17.656,158.734375,147.78125,top,2.21875,-2.21875
17.656,161.59375,148.078125,top,1.921875,-1.921875
17.656,163.53125,148.28125,top,1.71875,-1.71875
17.656,165.59375,148.484375,top,1.515625,-1.515625
17.672,167.609375,148.59375,top,1.40625,-1.40625
17.735,169.6875,148.65625,top,1.34375,-1.34375
17.735,171.703125,148.796875,top,1.203125,-1.203125
17.735,173.796875,148.9375,top,1.0625,-1.0625
17.75,177.078125,149.25,top,0.75,-0.75
17.766,179.265625,149.484375,top,0.515625,-0.515625
17.828,181.421875,149.71875,top,0.28125,-0.28125
17.828,183.59375,149.953125,top,0.046875,-0.046875
17.828,186.0625,150.15625,top,0.15625,0.15625
17.86,188.421875,150.421875,top,0.421875,0.421875
17.922,190.703125,150.65625,top,0.65625,0.65625
17.953,192.921875,150.890625,top,0.890625,0.890625
17.953,196.375,151.0,top,1.0,1.0
17.953,198.734375,150.875,top,0.875,0.875
17.953,201.09375,150.609375,top,0.609375,0.609375
18.047,203.609375,150.234375,top,0.234375,0.234375
18.047,206.21875,149.796875,top,0.203125,-0.203125
18.047,208.5,149.390625,top,0.609375,-0.609375
18.047,210.953125,148.921875,top,1.078125,-1.078125
18.063,213.5,148.546875,top,1.453125,-1.453125
18.156,215.890625,148.1875,top,1.8125,-1.8125
18.156,218.25,147.859375,top,2.140625,-2.140625
18.156,220.53125,147.671875,top,2.328125,-2.328125
18.156,222.921875,147.5,top,2.5,-2.5
18.188,225.3125,147.375,top,2.625,-2.625
18.235,227.796875,147.40625,top,2.59375,-2.59375
18.235,230.203125,147.421875,top,2.578125,-2.578125
18.235,233.703125,147.484375,top,2.515625,-2.515625
18.25,236.015625,147.515625,top,2.484375,-2.484375
18.281,238.421875,147.546875,top,2.453125,-2.453125
18.36,240.796875,147.578125,top,2.421875,-2.421875
18.36,243.046875,147.609375,top,2.390625,-2.390625
18.36,245.3125,147.8125,top,2.1875,-2.1875
18.375,247.734375,147.953125,top,2.046875,-2.046875
18.453,250.0,148.125,top,1.875,-1.875
18.453,252.453125,148.296875,top,1.703125,-1.703125
18.453,254.75,148.46875,top,1.53125,-1.53125
18.453,257.0,148.65625,top,1.34375,-1.34375
18.469,260.5,148.828125,top,1.171875,-1.171875
18.563,262.765625,148.953125,top,1.046875,-1.046875
18.563,265.078125,149.171875,top,0.828125,-0.828125
18.563,267.40625,149.40625,top,0.59375,-0.59375
18.563,269.578125,149.71875,top,0.28125,-0.28125
18.578,271.890625,150.015625,top,0.015625,0.015625
18.781,274.15625,150.328125,top,0.328125,0.328125
18.781,277.75,150.546875,top,0.546875,0.546875
18.781,280.09375,150.6875,top,0.6875,0.6875
18.781,282.4375,150.84375,top,0.84375,0.84375
18.781,284.59375,150.921875,top,0.921875,0.921875
18.781,286.828125,150.890625,top,0.890625,0.890625
18.781,288.953125,150.71875,top,0.71875,0.71875
18.781,291.046875,150.40625,top,0.40625,0.40625
18.875,293.203125,150.0,top,0.0,0.0
18.875,295.390625,149.78125,top,0.21875,-0.21875
18.875,298.796875,149.328125,top,0.671875,-0.671875
18.875,301.4375,148.8125,top,1.1875,-1.1875
18.875,303.765625,148.4375,top,1.5625,-1.5625
18.875,305.9375,148.078125,top,1.921875,-1.921875
18.953,308.0625,147.515625,top,2.484375,-2.484375
18.953,311.484375,146.640625,top,3.359375,-3.359375
18.953,313.796875,146.21875,top,3.78125,-3.78125
18.953,316.03125,146.171875,top,3.828125,-3.828125
18.985,318.484375,146.234375,top,3.765625,-3.765625
19.063,320.921875,146.125,top,3.875,-3.875
19.063,323.265625,146.125,top,3.875,-3.875
19.063,325.59375,146.125,top,3.875,-3.875
19.078,328.046875,146.265625,top,3.734375,-3.734375
19.188,330.40625,146.4375,top,3.5625,-3.5625
19.188,332.9375,146.703125,top,3.296875,-3.296875
19.188,335.28125,146.828125,top,3.171875,-3.171875
19.188,337.625,146.828125,top,3.171875,-3.171875
19.188,339.78125,146.828125,top,3.171875,-3.171875
19.266,343.296875,146.9375,top,3.0625,-3.0625
19.266,345.546875,147.0625,top,2.9375,-2.9375
19.266,347.984375,147.25,top,2.75,-2.75
19.266,350.3125,147.265625,top,2.734375,-2.734375
19.281,352.6875,147.390625,top,2.609375,-2.609375
19.391,355.0,147.53125,top,2.46875,-2.46875
19.672,357.328125,147.5625,top,2.4375,-2.4375
19.672,359.609375,147.46875,top,2.53125,-2.53125
19.672,361.953125,147.53125,top,2.46875,-2.46875
19.672,364.25,147.59375,top,2.40625,-2.40625
19.672,366.625,147.703125,top,2.296875,-2.296875
19.672,370.046875,147.796875,top,2.203125,-2.203125
19.672,372.375,147.859375,top,2.140625,-2.140625
19.672,374.65625,147.90625,top,2.09375,-2.09375
19.672,376.984375,148.03125,top,1.96875,-1.96875
19.672,379.21875,148.234375,top,1.765625,-1.765625
19.672,381.5,148.40625,top,1.59375,-1.59375
19.672,383.84375,148.5,top,1.5,-1.5
19.672,386.140625,148.46875,top,1.53125,-1.53125
19.672,388.46875,148.484375,top,1.515625,-1.515625
19.703,391.84375,148.5,top,1.5,-1.5
19.703,394.21875,148.421875,top,1.578125,-1.578125
19.703,396.578125,148.515625,top,1.484375,-1.484375
19.703,398.828125,148.546875,top,1.453125,-1.453125
19.719,402.3125,148.8125,top,1.1875,-1.1875
19.781,404.6875,148.9375,top,1.0625,-1.0625
19.781,406.953125,149.046875,top,0.953125,-0.953125
19.781,409.203125,149.25,top,0.75,-0.75
19.813,411.484375,149.59375,top,0.40625,-0.40625
19.891,413.6875,149.84375,top,0.15625,-0.15625
19.906,415.96875,150.078125,top,0.078125,0.078125
19.906,418.234375,150.375,top,0.375,0.375
19.906,420.375,150.65625,top,0.65625,0.65625
19.906,422.453125,151.03125,top,1.03125,1.03125
20.0,425.59375,151.484375,top,1.484375,1.484375
20.0,427.4375,151.75,top,1.75,1.75
20.0,429.328125,152.0,top,2.0,2.0
20.0,431.140625,152.25,top,2.25,2.25
20.094,433.0,152.296875,top,2.296875,2.296875
20.094,435.4375,151.984375,top,1.984375,1.984375
20.094,437.25,151.65625,top,1.65625,1.65625
20.094,439.03125,151.140625,top,1.140625,1.140625
20.094,440.859375,150.65625,top,0.65625,0.65625
20.11,441.859375,150.375,top,0.375,0.375
20.203,444.40625,149.53125,top,0.46875,-0.46875
20.203,447.078125,148.703125,top,1.296875,-1.296875
20.203,448.8125,148.140625,top,1.859375,-1.859375
20.203,450.40625,147.671875,top,2.363303848032453,-2.363303848032453
20.313,451.984375,147.234375,top,3.4038839259366647,-3.4038839259366647
20.313,453.1875,147.0625,top,4.3346352210999255,-4.3346352210999255
20.313,453.640625,147.28125,top,4.543759671585305,-4.543759671585305
20.313,453.890625,147.5625,top,4.591118506488915,-4.591118506488915
20.328,453.6875,147.984375,top,4.202427916172388,-4.202427916172388
20.391,453.390625,148.328125,top,3.780410547314934,-3.780410547314934
20.391,453.21875,148.609375,top,3.506307096237436,-3.506307096237436
20.391,453.0625,149.53125,top,3.0981660401760265,-3.0981660401760265
20.406,453.03125,150.703125,right,3.03125,-3.03125
20.438,452.921875,152.640625,right,2.921875,-2.921875
20.5,452.78125,154.125,right,2.78125,-2.78125
20.5,452.703125,155.625,right,2.703125,-2.703125
20.5,452.578125,157.28125,right,2.578125,-2.578125
20.531,452.546875,159.296875,right,2.546875,-2.546875
20.61,452.40625,161.34375,right,2.40625,-2.40625
20.828,452.453125,163.3125,right,2.453125,-2.453125
20.828,452.4375,164.34375,right,2.4375,-2.4375
20.828,452.546875,167.140625,right,2.546875,-2.546875
21.016,452.6875,169.1875,right,2.6875,-2.6875
21.016,452.765625,172.0625,right,2.765625,-2.765625
21.016,452.921875,173.984375,right,2.921875,-2.921875
21.016,453.046875,175.984375,right,3.046875,-3.046875
21.016,453.21875,177.859375,right,3.21875,-3.21875
21.016,453.40625,179.8125,right,3.40625,-3.40625
21.016,453.625,181.828125,right,3.625,-3.625
21.016,453.78125,183.78125,right,3.78125,-3.78125
21.016,453.9375,185.84375,right,3.9375,-3.9375
21.016,453.8125,187.734375,right,3.8125,-3.8125
21.016,453.5,189.65625,right,3.5,-3.5
21.016,453.078125,191.609375,right,3.078125,-3.078125
21.016,452.65625,194.28125,right,2.65625,-2.65625
21.016,452.359375,195.984375,right,2.359375,-2.359375
21.016,452.0625,197.703125,right,2.0625,-2.0625
21.016,451.59375,199.328125,right,1.59375,-1.59375
21.016,451.21875,201.046875,right,1.21875,-1.21875
21.016,450.96875,202.765625,right,0.96875,-0.96875
21.016,450.546875,205.65625,right,0.546875,-0.546875
21.031,450.375,207.4375,right,0.375,-0.375
21.125,450.15625,209.3125,right,0.15625,-0.15625
21.125,450.0625,211.046875,right,0.0625,-0.0625
21.125,449.859375,213.046875,right,0.140625,0.140625
21.125,449.765625,214.953125,right,0.234375,0.234375
21.141,449.5625,216.921875,right,0.4375,0.4375
21.25,449.25,219.625,right,0.75,0.75
21.25,449.15625,221.65625,right,0.84375,0.84375
21.25,449.171875,223.515625,right,0.828125,0.828125
21.25,449.171875,225.59375,right,0.828125,0.828125
21.25,449.21875,227.671875,right,0.78125,0.78125
21.344,449.3125,229.828125,right,0.6875,0.6875
21.344,449.390625,231.84375,right,0.609375,0.609375
21.344,449.4375,233.78125,right,0.5625,0.5625
21.438,449.609375,235.734375,right,0.390625,0.390625
21.438,449.75,238.84375,right,0.25,0.25
21.438,449.84375,240.875,right,0.15625,0.15625
21.438,449.953125,242.890625,right,0.046875,0.046875
21.438,450.1875,245.9375,right,0.1875,-0.1875
21.438,450.375,247.953125,right,0.375,-0.375
21.625,450.53125,250.0,right,0.53125,-0.53125
21.625,450.8125,251.875,right,0.8125,-0.8125
21.625,450.984375,253.8125,right,0.984375,-0.984375
21.625,451.265625,256.734375,right,1.265625,-1.265625
21.625,451.375,258.625,right,1.375,-1.375
21.625,451.4375,260.53125,right,1.4375,-1.4375
21.625,451.5625,263.34375,right,1.5625,-1.5625
21.625,451.671875,265.25,right,1.671875,-1.671875
21.641,451.6875,267.21875,right,1.6875,-1.6875
21.656,451.640625,269.25,right,1.640625,-1.640625
21.735,451.609375,271.171875,right,1.609375,-1.609375
21.735,451.484375,273.15625,right,1.484375,-1.484375
21.735,451.421875,276.015625,right,1.421875,-1.421875
21.75,451.46875,277.96875,right,1.46875,-1.46875
21.828,451.4375,279.8125,right,1.4375,-1.4375
21.844,451.46875,281.765625,right,1.46875,-1.46875
21.844,451.5625,284.4375,right,1.5625,-1.5625
21.844,451.640625,286.25,right,1.640625,-1.640625
21.86,451.828125,288.125,right,1.828125,-1.828125
21.938,452.0625,290.125,right,2.0625,-2.0625
21.938,452.171875,292.03125,right,2.171875,-2.171875
21.938,452.4375,294.921875,right,2.4375,-2.4375
21.938,452.5625,296.859375,right,2.5625,-2.5625
21.953,452.5625,297.765625,right,2.5625,-2.5625
22.031,452.53125,300.796875,right,2.53125,-2.53125
22.031,452.5625,302.84375,right,2.5625,-2.5625
22.031,452.40625,304.765625,right,2.40625,-2.40625
22.047,452.359375,306.703125,right,2.359375,-2.359375
22.063,452.25,308.53125,right,2.25,-2.25
22.156,451.84375,310.546875,right,1.84375,-1.84375
22.156,451.484375,312.4375,right,1.484375,-1.484375
22.156,450.890625,314.109375,right,0.890625,-0.890625
22.156,450.40625,316.984375,right,0.40625,-0.40625
22.235,450.171875,318.96875,right,0.171875,-0.171875
22.235,449.9375,320.828125,right,0.0625,0.0625
22.235,449.6875,322.71875,right,0.3125,0.3125
22.235,449.53125,324.75,right,0.46875,0.46875
22.266,449.46875,327.78125,right,0.53125,0.53125
22.344,449.453125,329.640625,right,0.546875,0.546875
22.344,449.59375,331.578125,right,0.40625,0.40625
22.344,449.734375,333.703125,right,0.265625,0.265625
22.344,449.828125,335.78125,right,0.171875,0.171875
22.36,450.03125,337.96875,right,0.03125,-0.03125
22.438,450.28125,340.125,right,0.28125,-0.28125
22.438,450.5,342.1875,right,0.5,-0.5
22.438,450.796875,344.25,right,0.796875,-0.796875
22.438,451.09375,346.28125,right,1.09375,-1.09375
22.485,451.453125,348.453125,right,1.453125,-1.453125
22.547,451.8125,350.546875,right,1.8125,-1.8125
22.547,452.125,352.703125,right,2.125,-2.125
22.547,452.46875,354.8125,right,2.46875,-2.46875
22.563,452.96875,358.0,right,2.96875,-2.96875
22.578,453.34375,360.109375,right,3.34375,-3.34375
22.656,453.640625,362.015625,right,3.640625,-3.640625
22.656,453.9375,364.0,right,3.9375,-3.9375
22.656,454.03125,366.0,right,4.03125,-4.03125
22.672,453.75,368.875,right,3.75,-3.75
22.75,453.375,370.75,right,3.375,-3.375
22.75,452.84375,372.6875,right,2.84375,-2.84375
22.75,452.359375,374.65625,right,2.359375,-2.359375
22.766,451.84375,376.546875,right,1.84375,-1.84375
22.781,451.265625,378.375,right,1.265625,-1.265625
22.86,450.703125,380.140625,right,0.703125,-0.703125
22.86,449.890625,382.953125,right,0.109375,0.109375
22.86,449.546875,384.84375,right,0.453125,0.453125
22.875,449.234375,386.796875,right,0.765625,0.765625
22.891,449.0,388.578125,right,1.0,1.0
22.969,448.796875,390.640625,right,1.203125,1.203125
22.969,448.546875,393.671875,right,1.453125,1.453125
22.969,448.5,395.703125,right,1.5,1.5
22.985,448.5625,397.78125,right,1.4375,1.4375
23.063,448.671875,399.875,right,1.328125,1.328125
23.063,448.9375,403.046875,right,1.0625,1.0625
23.063,449.171875,405.25,right,0.828125,0.828125
23.063,449.5,407.375,right,0.5,0.5
23.094,449.8125,409.53125,right,0.1875,0.1875
23.156,450.46875,412.71875,right,0.46875,-0.46875
23.156,450.90625,414.734375,right,0.90625,-0.90625
23.156,451.296875,416.8125,right,1.296875,-1.296875
23.172,451.46875,418.734375,right,1.46875,-1.46875
23.188,451.328125,420.578125,right,1.328125,-1.328125
23.281,451.09375,422.046875,right,1.09375,-1.09375
23.281,450.796875,423.59375,right,0.796875,-0.796875
23.281,450.578125,425.1875,right,0.578125,-0.578125
23.281,450.375,426.578125,right,0.375,-0.375
23.375,450.171875,428.109375,right,0.171875,-0.171875
23.375,450.125,429.6875,right,0.125,-0.125
23.375,450.15625,431.1875,right,0.15625,-0.15625
23.375,450.171875,432.796875,right,0.171875,-0.171875
23.485,450.109375,434.328125,right,0.109375,-0.109375
23.485,450.15625,436.8125,right,0.15625,-0.15625
23.485,450.203125,438.359375,right,0.203125,-0.203125
23.485,450.328125,440.0,right,0.328125,-0.328125
23.485,450.453125,441.609375,right,0.453125,-0.453125
23.5,450.671875,443.25,right,0.671875,-0.671875
23.594,450.859375,444.96875,right,0.859375,-0.859375
23.594,451.109375,447.390625,right,1.109375,-1.109375
23.594,451.234375,449.109375,right,1.234375,-1.234375
23.594,451.328125,450.578125,right,1.4484973356033486,-1.4484973356033486
23.703,451.375,451.546875,right,2.069649068229926,-2.069649068229926
23.703,451.3125,451.78125,right,2.212579447726115,-2.212579447726115
23.703,451.3125,451.625,right,2.0888468708835504,-2.0888468708835504
23.703,451.25,451.375,right,1.8582585934148133,-1.8582585934148133
23.703,451.203125,451.09375,right,1.6259762692379616,-1.6259762692379616
23.781,451.0,450.90625,right,1.349551430105574,-1.349551430105574
23.797,450.390625,450.859375,right,0.943987966687076,-0.943987966687076
23.797,449.46875,450.84375,bottom,0.84375,-0.84375
23.797,448.234375,450.9375,bottom,0.9375,-0.9375
23.797,446.828125,451.0,bottom,1.0,-1.0
23.891,445.21875,451.109375,bottom,1.109375,-1.109375
23.891,443.53125,451.25,bottom,1.25,-1.25
23.891,441.71875,451.296875,bottom,1.296875,-1.296875
23.891,439.78125,451.515625,bottom,1.515625,-1.515625
24.0,437.859375,451.8125,bottom,1.8125,-1.8125
24.0,434.875,452.109375,bottom,2.109375,-2.109375
24.0,432.78125,452.25,bottom,2.25,-2.25
24.0,430.578125,452.3125,bottom,2.3125,-2.3125
24.0,428.46875,452.46875,bottom,2.46875,-2.46875
24.094,426.296875,452.640625,bottom,2.640625,-2.640625
24.094,424.21875,452.828125,bottom,2.828125,-2.828125
24.094,421.0,453.15625,bottom,3.15625,-3.15625
24.094,418.78125,453.3125,bottom,3.3125,-3.3125
24.094,416.578125,453.453125,bottom,3.453125,-3.453125
24.11,414.359375,453.65625,bottom,3.65625,-3.65625
24.188,412.25,453.890625,bottom,3.890625,-3.890625
24.188,410.140625,454.03125,bottom,4.03125,-4.03125
24.188,407.921875,454.25,bottom,4.25,-4.25
24.219,405.703125,454.453125,bottom,4.453125,-4.453125
24.297,403.40625,454.5625,bottom,4.5625,-4.5625
24.297,399.984375,454.75,bottom,4.75,-4.75
24.297,397.6875,454.96875,bottom,4.96875,-4.96875
24.297,395.40625,455.109375,bottom,5.109375,-5.109375
24.391,393.140625,455.21875,bottom,5.21875,-5.21875
24.422,390.875,455.40625,bottom,5.40625,-5.40625
24.422,388.6875,455.453125,bottom,5.453125,-5.453125
24.422,386.375,455.4375,bottom,5.4375,-5.4375
24.422,384.03125,455.59375,bottom,5.59375,-5.59375
24.422,381.640625,455.828125,bottom,5.828125,-5.828125
24.5,379.40625,455.96875,bottom,5.96875,-5.96875
24.5,377.140625,456.078125,bottom,6.078125,-6.078125
24.5,373.734375,456.21875,bottom,6.21875,-6.21875
24.5,371.40625,456.296875,bottom,6.296875,-6.296875
24.531,369.078125,456.390625,bottom,6.390625,-6.390625
24.625,366.65625,456.53125,bottom,6.53125,-6.53125
24.625,364.4375,456.640625,bottom,6.640625,-6.640625
24.625,362.234375,456.671875,bottom,6.671875,-6.671875
24.625,360.03125,456.625,bottom,6.625,-6.625
24.625,357.734375,456.671875,bottom,6.671875,-6.671875
24.735,355.484375,456.671875,bottom,6.671875,-6.671875
24.735,353.15625,456.6875,bottom,6.6875,-6.6875
24.735,349.625,456.640625,bottom,6.640625,-6.640625
24.735,347.34375,456.640625,bottom,6.640625,-6.640625
24.797,345.0625,456.703125,bottom,6.703125,-6.703125
24.797,342.84375,456.75,bottom,6.75,-6.75
24.797,339.359375,456.796875,bottom,6.796875,-6.796875
24.797,337.03125,456.734375,bottom,6.734375,-6.734375
24.906,334.71875,456.625,bottom,6.625,-6.625
24.906,332.390625,456.546875,bottom,6.546875,-6.546875
24.906,330.078125,456.453125,bottom,6.453125,-6.453125
24.906,327.78125,456.390625,bottom,6.390625,-6.390625
24.906,324.21875,456.359375,bottom,6.359375,-6.359375
24.938,321.734375,456.375,bottom,6.375,-6.375
25.0,319.40625,456.328125,bottom,6.328125,-6.328125
25.0,317.046875,456.0,bottom,6.0,-6.0
25.0,314.859375,455.6875,bottom,5.6875,-5.6875
25.016,312.640625,455.1875,bottom,5.1875,-5.1875
25.125,309.4375,454.5,bottom,4.5,-4.5
25.125,307.234375,454.1875,bottom,4.1875,-4.1875
25.125,305.09375,453.796875,bottom,3.796875,-3.796875
25.125,302.828125,453.46875,bottom,3.46875,-3.46875
25.141,299.53125,452.96875,bottom,2.96875,-2.96875
25.219,297.375,452.546875,bottom,2.546875,-2.546875
25.219,295.125,452.203125,bottom,2.203125,-2.203125
25.219,293.03125,451.875,bottom,1.875,-1.875
25.219,290.6875,451.546875,bottom,1.546875,-1.546875
25.235,288.375,451.25,bottom,1.25,-1.25
25.313,286.078125,450.984375,bottom,0.984375,-0.984375
25.313,283.765625,450.859375,bottom,0.859375,-0.859375
25.313,281.609375,450.71875,bottom,0.71875,-0.71875
25.328,279.28125,450.625,bottom,0.625,-0.625
25.344,275.875,450.546875,bottom,0.546875,-0.546875
25.422,273.6875,450.59375,bottom,0.59375,-0.59375
25.422,271.40625,450.515625,bottom,0.515625,-0.515625
25.422,269.125,450.546875,bottom,0.546875,-0.546875
25.422,266.625,450.515625,bottom,0.515625,-0.515625
25.516,264.359375,450.59375,bottom,0.59375,-0.59375
25.516,262.140625,450.671875,bottom,0.671875,-0.671875
25.516,259.8125,450.75,bottom,0.75,-0.75
25.516,257.59375,450.828125,bottom,0.828125,-0.828125
25.531,255.265625,450.96875,bottom,0.96875,-0.96875
25.61,253.109375,451.109375,bottom,1.109375,-1.109375
25.625,251.0,451.328125,bottom,1.328125,-1.328125
25.625,247.75,451.6875,bottom,1.6875,-1.6875
25.625,245.484375,451.890625,bottom,1.890625,-1.890625
25.641,243.359375,452.0625,bottom,2.0625,-2.0625
25.735,241.203125,452.265625,bottom,2.265625,-2.265625
25.735,239.03125,452.421875,bottom,2.421875,-2.421875
25.735,236.6875,452.578125,bottom,2.578125,-2.578125
25.735,234.53125,452.765625,bottom,2.765625,-2.765625
25.75,232.34375,452.984375,bottom,2.984375,-2.984375
25.828,230.140625,453.140625,bottom,3.140625,-3.140625
25.828,227.921875,453.21875,bottom,3.21875,-3.21875
25.828,224.640625,453.265625,bottom,3.265625,-3.265625
25.844,222.4375,453.296875,bottom,3.296875,-3.296875
25.86,220.125,453.28125,bottom,3.28125,-3.28125
25.938,217.84375,453.3125,bottom,3.3125,-3.3125
25.938,215.765625,453.25,bottom,3.25,-3.25
25.938,213.5,453.234375,bottom,3.234375,-3.234375
25.938,210.171875,453.125,bottom,3.125,-3.125
26.031,207.828125,453.015625,bottom,3.015625,-3.015625
26.031,205.59375,453.0,bottom,3.0,-3.0
26.031,203.421875,453.0,bottom,3.0,-3.0
26.031,201.203125,452.875,bottom,2.875,-2.875
26.063,198.859375,452.71875,bottom,2.71875,-2.71875
26.141,195.40625,452.359375,bottom,2.359375,-2.359375
26.141,193.0,452.203125,bottom,2.203125,-2.203125
26.141,190.640625,452.09375,bottom,2.09375,-2.09375
26.141,188.5,452.0,bottom,2.0,-2.0
26.156,186.28125,451.984375,bottom,1.984375,-1.984375
26.235,184.015625,451.859375,bottom,1.859375,-1.859375
26.235,181.796875,451.84375,bottom,1.84375,-1.84375
26.235,179.640625,451.921875,bottom,1.921875,-1.921875
26.235,177.59375,452.09375,bottom,2.09375,-2.09375
26.266,175.71875,452.40625,bottom,2.40625,-2.40625
26.344,173.640625,452.71875,bottom,2.71875,-2.71875
26.344,170.875,453.046875,bottom,3.046875,-3.046875
26.344,169.125,453.203125,bottom,3.203125,-3.203125
26.344,167.421875,453.28125,bottom,3.28125,-3.28125
26.453,165.75,453.40625,bottom,3.40625,-3.40625
26.453,163.953125,453.46875,bottom,3.46875,-3.46875
26.453,162.171875,453.4375,bottom,3.4375,-3.4375
26.453,160.46875,453.484375,bottom,3.484375,-3.484375
26.453,158.8125,453.546875,bottom,3.546875,-3.546875
26.547,157.1875,453.5625,bottom,3.5625,-3.5625
26.563,155.515625,453.5625,bottom,3.5625,-3.5625
26.563,153.921875,453.546875,bottom,3.546875,-3.546875
26.563,152.21875,453.375,bottom,3.375,-3.375
26.563,150.4375,453.0,bottom,3.0,-3.0
26.766,147.984375,452.234375,bottom,3.0091819122894514,-3.0091819122894514
26.766,146.6875,451.625,bottom,3.6896180357863604,-3.6896180357863604
26.766,146.015625,450.984375,bottom,4.104173276221412,-4.104173276221412
26.766,146.0625,450.703125,bottom,3.9997863712484696,-3.9997863712484696
26.766,146.21875,450.6875,bottom,3.8432418363277634,-3.8432418363277634
26.766,146.328125,450.71875,bottom,3.7415595115038593,-3.7415595115038593
26.766,146.359375,450.6875,bottom,3.704970531681055,-3.704970531681055
26.766,146.5,450.265625,bottom,3.51006504791934,-3.51006504791934
26.766,146.546875,449.4375,left,3.453125,-3.453125
26.86,146.640625,448.359375,left,3.359375,-3.359375
26.86,146.75,447.09375,left,3.25,-3.25
26.86,146.875,445.625,left,3.125,-3.125
26.86,147.03125,443.15625,left,2.96875,-2.96875
26.969,147.109375,441.359375,left,2.890625,-2.890625
26.969,147.1875,439.46875,left,2.8125,-2.8125
26.969,147.078125,436.609375,left,2.921875,-2.921875
26.969,147.15625,434.5,left,2.84375,-2.84375
26.969,147.171875,432.4375,left,2.828125,-2.828125
27.063,147.296875,430.328125,left,2.703125,-2.703125
27.063,147.59375,427.15625,left,2.40625,-2.40625
27.063,147.828125,424.96875,left,2.171875,-2.171875
27.063,148.03125,422.8125,left,1.96875,-1.96875
27.063,148.203125,420.53125,left,1.796875,-1.796875
27.094,148.484375,417.890625,left,1.515625,-1.515625
27.266,148.53125,415.578125,left,1.46875,-1.46875
27.266,148.546875,413.484375,left,1.453125,-1.453125
27.266,148.484375,411.171875,left,1.515625,-1.515625
27.266,148.34375,408.8125,left,1.65625,-1.65625
27.266,148.125,406.71875,left,1.875,-1.875
27.266,147.953125,405.640625,left,2.046875,-2.046875
27.266,146.984375,401.765625,left,3.015625,-3.015625
27.266,146.4375,399.671875,left,3.5625,-3.5625
27.266,145.984375,397.75,left,4.015625,-4.015625
27.375,145.484375,395.796875,left,4.515625,-4.515625
27.375,144.984375,393.890625,left,5.015625,-5.015625
27.375,144.59375,391.890625,left,5.40625,-5.40625
27.375,144.203125,389.890625,left,5.796875,-5.796875
27.469,144.0625,386.890625,left,5.9375,-5.9375
27.469,143.953125,384.734375,left,6.046875,-6.046875
27.469,143.9375,382.71875,left,6.0625,-6.0625
27.469,143.921875,380.53125,left,6.078125,-6.078125
27.469,144.015625,378.390625,left,5.984375,-5.984375
27.485,144.125,376.125,left,5.875,-5.875
27.578,144.359375,372.65625,left,5.640625,-5.640625
27.578,144.578125,370.4375,left,5.421875,-5.421875
27.578,144.828125,368.078125,left,5.171875,-5.171875
27.578,145.109375,365.78125,left,4.890625,-4.890625
27.594,145.5625,363.5625,left,4.4375,-4.4375
27.688,145.921875,361.265625,left,4.078125,-4.078125
27.688,146.265625,358.890625,left,3.734375,-3.734375
27.688,146.75,356.5625,left,3.25,-3.25
27.688,147.15625,354.359375,left,2.84375,-2.84375
27.703,147.703125,351.046875,left,2.296875,-2.296875
27.766,147.90625,348.78125,left,2.09375,-2.09375
27.766,147.921875,346.65625,left,2.078125,-2.078125
27.766,147.59375,343.75,left,2.40625,-2.40625
27.781,147.46875,342.75,left,2.53125,-2.53125
27.875,146.9375,340.03125,left,3.0625,-3.0625
27.875,146.546875,338.078125,left,3.453125,-3.453125
27.875,146.078125,336.171875,left,3.921875,-3.921875
27.875,145.6875,334.25,left,4.3125,-4.3125
27.875,145.4375,332.21875,left,4.5625,-4.5625
27.969,145.21875,328.890625,left,4.78125,-4.78125
27.969,145.078125,326.765625,left,4.921875,-4.921875
27.969,145.015625,324.46875,left,4.984375,-4.984375
27.969,145.0,322.34375,left,5.0,-5.0
28.0,145.125,320.15625,left,4.875,-4.875
28.078,145.234375,318.203125,left,4.765625,-4.765625
28.078,145.34375,317.078125,left,4.65625,-4.65625
28.078,145.46875,315.140625,left,4.53125,-4.53125
28.078,145.640625,312.25,left,4.359375,-4.359375
28.11,145.875,310.359375,left,4.125,-4.125
28.188,146.046875,308.46875,left,3.953125,-3.953125
28.188,146.359375,306.46875,left,3.640625,-3.640625
28.188,146.625,304.046875,left,3.375,-3.375
28.188,146.953125,301.90625,left,3.046875,-3.046875
28.219,147.296875,298.734375,left,2.703125,-2.703125
28.297,147.671875,296.703125,left,2.328125,-2.328125
28.297,147.703125,294.578125,left,2.296875,-2.296875
28.297,147.8125,292.359375,left,2.1875,-2.1875
28.297,148.078125,290.140625,left,1.921875,-1.921875
28.313,148.25,288.125,left,1.75,-1.75
28.406,148.421875,285.96875,left,1.578125,-1.578125
28.406,148.484375,283.921875,left,1.515625,-1.515625
28.406,148.625,280.625,left,1.375,-1.375
28.688,148.703125,278.515625,left,1.296875,-1.296875
28.688,148.78125,276.3125,left,1.21875,-1.21875
28.688,148.546875,274.109375,left,1.453125,-1.453125
28.688,148.1875,272.125,left,1.8125,-1.8125
28.688,147.9375,270.09375,left,2.0625,-2.0625
28.688,147.671875,268.0,left,2.328125,-2.328125
28.688,147.515625,265.921875,left,2.484375,-2.484375
28.688,147.453125,263.796875,left,2.546875,-2.546875
28.688,147.578125,261.703125,left,2.421875,-2.421875
28.688,147.515625,258.5,left,2.484375,-2.484375
28.688,147.671875,256.34375,left,2.328125,-2.328125
28.688,147.765625,254.15625,left,2.234375,-2.234375
28.688,147.8125,251.921875,left,2.1875,-2.1875
28.688,148.046875,249.5625,left,1.953125,-1.953125
28.688,148.21875,247.15625,left,1.78125,-1.78125
28.781,148.453125,243.75,left,1.546875,-1.546875
28.797,148.6875,241.5625,left,1.3125,-1.3125
28.797,148.875,239.28125,left,1.125,-1.125
28.797,149.234375,236.875,left,0.765625,-0.765625
28.813,149.75,233.515625,left,0.25,-0.25
28.891,149.953125,231.09375,left,0.046875,-0.046875
28.891,150.203125,228.796875,left,0.203125,0.203125
28.891,150.359375,226.484375,left,0.359375,0.359375
28.891,150.515625,224.25,left,0.515625,0.515625
28.922,150.75,220.765625,left,0.75,0.75
29.0,150.8125,218.515625,left,0.8125,0.8125
29.0,150.578125,216.421875,left,0.578125,0.578125
29.0,150.140625,214.28125,left,0.140625,0.140625
29.016,149.734375,212.203125,left,0.265625,-0.265625
29.031,149.171875,209.859375,left,0.828125,-0.828125
29.11,148.78125,207.84375,left,1.21875,-1.21875
29.11,148.46875,205.8125,left,1.53125,-1.53125
29.11,148.109375,203.78125,left,1.890625,-1.890625
29.11,147.9375,201.65625,left,2.0625,-2.0625
29.141,147.671875,199.515625,left,2.328125,-2.328125
29.203,147.5625,197.328125,left,2.4375,-2.4375
29.203,147.59375,195.0625,left,2.40625,-2.40625
29.203,147.640625,192.828125,left,2.359375,-2.359375
29.235,147.84375,189.421875,left,2.15625,-2.15625
29.297,148.09375,187.09375,left,1.90625,-1.90625
29.297,148.234375,184.78125,left,1.765625,-1.765625
29.297,148.53125,182.59375,left,1.46875,-1.46875
29.313,148.84375,180.3125,left,1.15625,-1.15625
29.328,149.0,178.015625,left,1.0,-1.0
29.406,149.296875,174.765625,left,0.703125,-0.703125
29.406,149.59375,172.640625,left,0.40625,-0.40625
29.406,149.6875,170.625,left,0.3125,-0.3125
29.406,149.53125,168.8125,left,0.46875,-0.46875
29.438,149.203125,167.109375,left,0.796875,-0.796875
29.5,148.765625,165.5625,left,1.234375,-1.234375
29.5,148.3125,164.140625,left,1.6875,-1.6875
29.5,147.90625,162.59375,left,2.09375,-2.09375
29.547,147.59375,161.140625,left,2.40625,-2.40625
29.547,147.375,159.53125,left,2.625,-2.625
29.625,147.21875,157.859375,left,2.78125,-2.78125
29.625,147.4375,155.34375,left,2.5625,-2.5625
29.625,147.8125,153.703125,left,2.1875,-2.1875
29.625,148.3125,152.0,left,1.6875,-1.6875
29.719,149.078125,150.34375,left,0.921875,-0.921875
29.719,149.765625,148.6875,top,1.33326212374949,-1.33326212374949
29.719,150.25,147.546875,top,2.453125,-2.453125
29.719,150.34375,147.546875,top,2.453125,-2.453125
29.735,150.40625,147.5625,top,2.4375,-2.4375
29.813,150.28125,148.015625,top,1.984375,-1.984375
29.813,150.265625,148.53125,top,1.46875,-1.46875
29.813,150.984375,148.671875,top,1.328125,-1.328125
29.828,152.0,148.71875,top,1.28125,-1.28125
29.844,153.3125,148.703125,top,1.296875,-1.296875
29.922,154.71875,148.578125,top,1.421875,-1.421875
29.922,156.4375,148.390625,top,1.609375,-1.609375
29.922,158.203125,148.140625,top,1.859375,-1.859375
30.031,160.953125,147.625,top,2.375,-2.375
30.031,162.9375,147.0625,top,2.9375,-2.9375
30.031,164.84375,146.609375,top,3.390625,-3.390625
30.031,166.921875,146.296875,top,3.703125,-3.703125
30.031,168.9375,145.984375,top,4.015625,-4.015625
30.047,170.96875,145.703125,top,4.296875,-4.296875
30.141,173.109375,145.484375,top,4.515625,-4.515625
30.141,175.28125,145.359375,top,4.640625,-4.640625
30.141,177.421875,145.25,top,4.75,-4.75
30.141,180.734375,145.140625,top,4.859375,-4.859375
30.156,183.046875,145.171875,top,4.828125,-4.828125
30.235,185.359375,145.25,top,4.75,-4.75
30.235,187.703125,145.296875,top,4.703125,-4.703125
30.235,190.078125,145.53125,top,4.46875,-4.46875
30.25,193.59375,145.796875,top,4.203125,-4.203125
30.266,196.0,145.890625,top,4.109375,-4.109375
30.328,198.28125,146.03125,top,3.96875,-3.96875
30.328,200.84375,146.171875,top,3.828125,-3.828125
30.328,203.078125,146.421875,top,3.578125,-3.578125
30.36,206.625,146.703125,top,3.296875,-3.296875
30.438,208.984375,146.8125,top,3.1875,-3.1875
30.438,211.265625,146.796875,top,3.203125,-3.203125
30.438,213.515625,146.671875,top,3.328125,-3.328125
30.438,215.890625,146.46875,top,3.53125,-3.53125
30.469,219.46875,146.171875,top,3.828125,-3.828125
30.531,221.796875,146.015625,top,3.984375,-3.984375
30.531,224.03125,145.765625,top,4.234375,-4.234375
30.531,226.1875,145.4375,top,4.5625,-4.5625
30.547,228.5625,145.09375,top,4.90625,-4.90625
30.641,230.828125,144.796875,top,5.203125,-5.203125
30.641,233.203125,144.34375,top,5.65625,-5.65625
30.641,236.6875,143.78125,top,6.21875,-6.21875
30.641,238.9375,143.53125,top,6.46875,-6.46875
30.656,241.34375,143.234375,top,6.765625,-6.765625
30.75,243.84375,143.0625,top,6.9375,-6.9375
30.75,246.25,142.953125,top,7.046875,-7.046875
30.75,248.46875,142.90625,top,7.09375,-7.09375
30.75,252.015625,142.859375,top,7.140625,-7.140625
30.781,254.203125,142.96875,top,7.03125,-7.03125
30.844,256.578125,143.046875,top,6.953125,-6.953125
30.844,258.90625,143.15625,top,6.84375,-6.84375
30.844,261.296875,143.3125,top,6.6875,-6.6875
30.86,263.6875,143.453125,top,6.546875,-6.546875
30.953,266.078125,143.609375,top,6.390625,-6.390625
30.953,268.515625,143.90625,top,6.09375,-6.09375
30.953,270.875,144.203125,top,5.796875,-5.796875
30.953,274.375,144.75,top,5.25,-5.25
30.969,276.671875,145.078125,top,4.921875,-4.921875
31.047,278.984375,145.390625,top,4.609375,-4.609375
31.047,281.40625,145.796875,top,4.203125,-4.203125
31.047,283.71875,146.140625,top,3.859375,-3.859375
31.047,285.734375,146.53125,top,3.46875,-3.46875
31.172,287.828125,147.046875,top,2.953125,-2.953125
31.172,289.734375,147.34375,top,2.65625,-2.65625
31.172,292.109375,147.390625,top,2.609375,-2.609375
31.172,295.1875,147.265625,top,2.734375,-2.734375
31.172,297.375,147.125,top,2.875,-2.875
31.172,299.671875,147.0,top,3.0,-3.0
31.25,302.015625,146.890625,top,3.109375,-3.109375
31.25,304.0625,146.671875,top,3.328125,-3.328125
31.25,305.25,146.59375,top,3.40625,-3.40625
31.266,308.390625,146.25,top,3.75,-3.75
31.36,311.859375,146.0625,top,3.9375,-3.9375
31.36,314.390625,145.96875,top,4.03125,-4.03125
31.36,316.640625,145.765625,top,4.234375,-4.234375
31.36,319.03125,145.75,top,4.25,-4.25
31.36,321.4375,145.8125,top,4.1875,-4.1875
31.453,323.8125,145.921875,top,4.078125,-4.078125
31.453,326.203125,146.015625,top,3.984375,-3.984375
31.453,328.625,146.03125,top,3.96875,-3.96875
31.453,331.265625,145.96875,top,4.03125,-4.03125
31.469,333.59375,145.625,top,4.375,-4.375
31.563,335.9375,145.390625,top,4.609375,-4.609375
31.563,338.28125,145.125,top,4.875,-4.875
31.563,340.625,144.875,top,5.125,-5.125
31.563,343.0,144.453125,top,5.546875,-5.546875
31.672,346.46875,144.03125,top,5.96875,-5.96875
31.672,348.78125,143.703125,top,6.296875,-6.296875
31.672,351.0,143.4375,top,6.5625,-6.5625
31.672,353.328125,143.140625,top,6.859375,-6.859375
31.672,355.71875,142.78125,top,7.21875,-7.21875
31.781,358.046875,142.4375,top,7.5625,-7.5625
31.781,360.34375,142.40625,top,7.59375,-7.59375
31.781,362.6875,142.359375,top,7.640625,-7.640625
31.781,365.203125,142.46875,top,7.53125,-7.53125
31.781,367.59375,142.734375,top,7.265625,-7.265625
32.0,371.359375,143.15625,top,6.84375,-6.84375
32.0,373.734375,143.578125,top,6.421875,-6.421875
32.0,376.078125,144.03125,top,5.96875,-5.96875
32.0,378.53125,144.46875,top,5.53125,-5.53125
32.0,381.0625,144.875,top,5.125,-5.125
32.0,383.390625,145.421875,top,4.578125,-4.578125
32.0,387.015625,146.140625,top,3.859375,-3.859375
32.0,389.28125,146.65625,top,3.34375,-3.34375
32.0,391.59375,147.265625,top,2.734375,-2.734375
32.0,393.90625,147.875,top,2.125,-2.125
32.078,396.171875,148.28125,top,1.71875,-1.71875
32.078,398.484375,148.4375,top,1.5625,-1.5625
32.078,400.859375,148.4375,top,1.5625,-1.5625
32.078,403.25,148.3125,top,1.6875,-1.6875
32.188,405.640625,148.09375,top,1.90625,-1.90625
32.188,407.96875,148.03125,top,1.96875,-1.96875
32.188,410.21875,147.953125,top,2.046875,-2.046875
32.188,412.53125,147.984375,top,2.015625,-2.015625
32.188,416.015625,147.875,top,2.125,-2.125
32.188,417.96875,147.78125,top,2.21875,-2.21875
32.281,419.96875,147.53125,top,2.46875,-2.46875
32.281,421.9375,147.28125,top,2.71875,-2.71875
32.281,424.046875,146.96875,top,3.03125,-3.03125
32.297,425.859375,146.671875,top,3.328125,-3.328125
32.375,428.578125,146.234375,top,3.765625,-3.765625
32.375,430.25,145.9375,top,4.0625,-4.0625
32.375,431.890625,145.8125,top,4.1875,-4.1875
32.375,433.5,145.640625,top,4.359375,-4.359375
32.406,435.0,145.515625,top,4.484375,-4.484375
32.485,436.609375,145.515625,top,4.484375,-4.484375
32.485,438.21875,145.59375,top,4.40625,-4.40625
32.485,439.96875,145.6875,top,4.3125,-4.3125
32.485,441.59375,145.875,top,4.125,-4.125
32.516,443.1875,146.09375,top,3.90625,-3.90625
32.594,444.78125,146.375,top,3.625,-3.625
32.594,447.125,147.015625,top,2.984375,-2.984375
32.594,448.640625,147.46875,top,2.53125,-2.53125
32.594,450.0625,148.0625,top,1.938507802408853,-1.938507802408853
32.61,451.5625,148.703125,top,2.030588834704111,-2.030588834704111
32.688,452.65625,149.640625,top,2.6804504198221983,-2.6804504198221983
32.688,453.453125,150.3125,right,3.453125,-3.453125
32.688,453.671875,150.75,right,3.671875,-3.671875
32.688,453.453125,150.6875,right,3.453125,-3.453125
32.797,453.21875,150.5625,right,3.21875,-3.21875
32.797,453.0,150.578125,right,3.0,-3.0
32.797,452.828125,151.0,right,2.828125,-2.828125
32.797,452.953125,152.28125,right,2.953125,-2.953125
32.797,453.140625,153.390625,right,3.140625,-3.140625
32.891,453.375,154.71875,right,3.375,-3.375
32.891,453.71875,156.15625,right,3.71875,-3.71875
32.891,454.078125,157.703125,right,4.078125,-4.078125
32.906,454.421875,159.484375,right,4.421875,-4.421875
32.922,454.75,161.265625,right,4.75,-4.75
33.0,455.484375,163.9375,right,5.484375,-5.484375
33.0,455.890625,165.9375,right,5.890625,-5.890625
33.0,456.203125,167.875,right,6.203125,-6.203125
33.016,456.296875,169.6875,right,6.296875,-6.296875
33.031,456.1875,171.5625,right,6.1875,-6.1875
33.11,455.984375,173.53125,right,5.984375,-5.984375
33.11,455.703125,175.5,right,5.703125,-5.703125
33.11,455.46875,177.328125,right,5.46875,-5.46875
33.11,455.15625,179.171875,right,5.15625,-5.15625
33.203,454.734375,181.03125,right,4.734375,-4.734375
33.203,454.34375,183.09375,right,4.34375,-4.34375
33.203,454.078125,184.90625,right,4.078125,-4.078125
33.203,453.859375,186.921875,right,3.859375,-3.859375
33.219,453.625,188.796875,right,3.625,-3.625
33.406,453.453125,189.90625,right,3.453125,-3.453125
33.406,452.84375,192.859375,right,2.84375,-2.84375
33.406,452.5,194.875,right,2.5,-2.5
33.406,452.390625,196.9375,right,2.390625,-2.390625
33.406,452.578125,198.859375,right,2.578125,-2.578125
33.406,452.796875,200.921875,right,2.796875,-2.796875
33.406,453.15625,202.984375,right,3.15625,-3.15625
33.406,453.453125,204.8125,right,3.453125,-3.453125
33.406,453.78125,207.015625,right,3.78125,-3.78125
33.422,454.09375,209.890625,right,4.09375,-4.09375
33.516,454.078125,211.984375,right,4.078125,-4.078125
33.516,453.875,214.015625,right,3.875,-3.875
33.516,453.546875,216.0625,right,3.546875,-3.546875
33.547,453.1875,217.921875,right,3.1875,-3.1875
33.547,452.78125,219.9375,right,2.78125,-2.78125
33.735,452.484375,221.9375,right,2.484375,-2.484375
33.735,452.125,223.828125,right,2.125,-2.125
33.735,451.8125,225.6875,right,1.8125,-1.8125
33.735,451.5625,227.8125,right,1.5625,-1.5625
33.735,451.296875,229.796875,right,1.296875,-1.296875
33.828,451.03125,231.890625,right,1.03125,-1.03125
33.828,450.78125,233.859375,right,0.78125,-0.78125
33.828,450.5,235.859375,right,0.5,-0.5
33.828,450.28125,237.859375,right,0.28125,-0.28125
33.828,450.125,239.84375,right,0.125,-0.125
33.828,450.09375,241.875,right,0.09375,-0.09375
33.828,450.234375,245.046875,right,0.234375,-0.234375
33.828,450.390625,247.125,right,0.390625,-0.390625
33.922,450.59375,249.09375,right,0.59375,-0.59375
33.922,450.71875,251.078125,right,0.71875,-0.71875
33.922,450.984375,254.1875,right,0.984375,-0.984375
33.922,451.0,256.265625,right,1.0,-1.0
33.922,451.0625,258.25,right,1.0625,-1.0625
33.938,451.078125,260.265625,right,1.078125,-1.078125
34.016,451.046875,262.28125,right,1.046875,-1.046875
34.016,450.90625,264.28125,right,0.90625,-0.90625
34.016,450.734375,266.28125,right,0.734375,-0.734375
34.016,450.375,269.21875,right,0.375,-0.375
34.047,450.15625,271.265625,right,0.15625,-0.15625
34.125,450.125,273.296875,right,0.125,-0.125
34.125,450.109375,275.296875,right,0.109375,-0.109375
34.125,450.1875,277.3125,right,0.1875,-0.1875
34.235,450.203125,279.3125,right,0.203125,-0.203125
34.235,450.421875,282.28125,right,0.421875,-0.421875
34.235,450.578125,284.15625,right,0.578125,-0.578125
34.235,450.71875,286.0625,right,0.71875,-0.71875
34.235,450.96875,287.84375,right,0.96875,-0.96875
34.235,451.171875,289.78125,right,1.171875,-1.171875
34.328,451.546875,292.703125,right,1.546875,-1.546875
34.328,451.734375,294.6875,right,1.734375,-1.734375
34.328,451.9375,296.71875,right,1.9375,-1.9375
34.328,451.984375,297.734375,right,1.984375,-1.984375
34.328,452.15625,301.03125,right,2.15625,-2.15625
34.422,452.140625,302.953125,right,2.140625,-2.140625
34.422,452.21875,304.84375,right,2.21875,-2.21875
34.422,452.046875,306.625,right,2.046875,-2.046875
34.422,451.609375,308.5625,right,1.609375,-1.609375
34.438,451.421875,310.515625,right,1.421875,-1.421875
34.531,451.0625,312.515625,right,1.0625,-1.0625
34.531,451.015625,314.5625,right,1.015625,-1.015625
34.531,451.09375,316.4375,right,1.09375,-1.09375
34.531,451.265625,318.515625,right,1.265625,-1.265625
34.563,451.359375,320.5625,right,1.359375,-1.359375
34.641,451.609375,322.71875,right,1.609375,-1.609375
34.641,451.921875,324.765625,right,1.921875,-1.921875
34.641,452.1875,326.921875,right,2.1875,-2.1875
34.641,452.546875,329.015625,right,2.546875,-2.546875
34.656,452.953125,331.078125,right,2.953125,-2.953125
34.735,453.5625,334.1875,right,3.5625,-3.5625
34.735,453.9375,336.265625,right,3.9375,-3.9375
34.735,454.21875,338.421875,right,4.21875,-4.21875
34.75,454.328125,340.4375,right,4.328125,-4.328125
34.844,454.296875,342.484375,right,4.296875,-4.296875
34.844,453.921875,345.5625,right,3.921875,-3.921875
34.844,453.390625,347.390625,right,3.390625,-3.390625
34.844,452.875,349.34375,right,2.875,-2.875
34.86,452.328125,351.265625,right,2.328125,-2.328125
34.938,451.765625,353.34375,right,1.765625,-1.765625
34.938,451.484375,355.34375,right,1.484375,-1.484375
34.938,451.265625,357.40625,right,1.265625,-1.265625
34.938,451.15625,359.46875,right,1.15625,-1.15625
34.953,451.125,361.546875,right,1.125,-1.125
35.047,451.0625,363.59375,right,1.0625,-1.0625
35.047,451.03125,366.640625,right,1.03125,-1.03125
35.047,451.046875,368.6875,right,1.046875,-1.046875
35.047,451.078125,370.8125,right,1.078125,-1.078125
35.063,451.09375,373.03125,right,1.09375,-1.09375
35.141,451.375,375.125,right,1.375,-1.375
35.141,451.53125,377.09375,right,1.53125,-1.53125
35.141,451.65625,379.15625,right,1.65625,-1.65625
35.156,451.90625,381.203125,right,1.90625,-1.90625
35.172,452.078125,383.109375,right,2.078125,-2.078125
35.25,452.34375,386.21875,right,2.34375,-2.34375
35.25,452.53125,388.28125,right,2.53125,-2.53125
35.25,452.53125,390.234375,right,2.53125,-2.53125
35.266,452.40625,392.1875,right,2.40625,-2.40625
35.344,452.03125,394.109375,right,2.03125,-2.03125
35.36,451.25,397.0,right,1.25,-1.25
35.36,450.75,398.953125,right,0.75,-0.75
35.36,450.34375,400.828125,right,0.34375,-0.34375
35.375,449.921875,402.890625,right,0.078125,0.078125
35.453,449.671875,404.890625,right,0.328125,0.328125
35.453,449.453125,408.03125,right,0.546875,0.546875
35.453,449.46875,410.0,right,0.53125,0.53125
35.453,449.4375,412.09375,right,0.5625,0.5625
35.485,449.5,413.96875,right,0.5,0.5
35.563,449.609375,415.96875,right,0.390625,0.390625
35.563,449.75,417.96875,right,0.25,0.25
35.563,449.921875,420.84375,right,0.078125,0.078125
35.563,449.859375,422.78125,right,0.140625,0.140625
35.594,449.828125,424.734375,right,0.171875,0.171875
35.672,449.90625,426.5,right,0.09375,0.09375
35.672,449.9375,428.203125,right,0.0625,0.0625
35.672,450.015625,429.984375,right,0.015625,-0.015625
35.672,450.140625,431.75,right,0.140625,-0.140625
35.781,450.171875,433.46875,right,0.171875,-0.171875
35.781,450.125,435.09375,right,0.125,-0.125
35.781,449.921875,436.78125,right,0.078125,0.078125
35.781,449.75,438.390625,right,0.25,0.25
35.781,449.53125,440.015625,right,0.46875,0.46875
35.86,449.328125,441.609375,right,0.671875,0.671875
35.86,449.28125,443.296875,right,0.71875,0.71875
35.86,449.296875,445.015625,right,0.703125,0.703125
35.86,449.484375,446.53125,right,0.515625,0.515625
35.891,449.71875,448.234375,right,0.28125,0.28125
36.078,449.890625,449.859375,right,0.109375,0.109375
36.078,450.296875,451.921875,right,1.944669195840259,-1.944669195840259
36.078,450.5625,452.8125,right,2.8681984763959414,-2.8681984763959414
36.078,450.609375,452.984375,right,3.0459533862569206,-3.0459533862569206
36.078,450.515625,452.9375,right,2.9824110029680684,-2.9824110029680684
36.078,450.421875,452.765625,right,2.7976168708831453,-2.7976168708831453
36.078,450.265625,452.625,right,2.638405132011572,-2.638405132011572
36.078,449.828125,452.5,bottom,2.5,-2.5
36.094,449.078125,452.453125,bottom,2.453125,-2.453125
36.172,448.078125,452.4375,bottom,2.4375,-2.4375
36.172,446.84375,452.484375,bottom,2.484375,-2.484375
36.172,445.296875,452.421875,bottom,2.421875,-2.421875
36.172,443.8125,452.40625,bottom,2.40625,-2.40625
36.188,442.0,452.375,bottom,2.375,-2.375
36.281,440.109375,452.328125,bottom,2.328125,-2.328125
36.281,437.203125,452.234375,bottom,2.234375,-2.234375
36.281,435.265625,452.25,bottom,2.25,-2.25
36.281,433.265625,452.296875,bottom,2.296875,-2.296875
36.297,431.15625,452.234375,bottom,2.234375,-2.234375
36.375,427.875,452.25,bottom,2.25,-2.25
36.375,425.703125,452.21875,bottom,2.21875,-2.21875
36.375,423.546875,452.375,bottom,2.375,-2.375
36.391,421.515625,452.59375,bottom,2.59375,-2.59375
36.485,419.15625,452.75,bottom,2.75,-2.75
36.485,416.859375,452.859375,bottom,2.859375,-2.859375
36.485,414.546875,453.046875,bottom,3.046875,-3.046875
36.485,411.125,453.34375,bottom,3.34375,-3.34375
36.485,408.890625,453.5,bottom,3.5,-3.5
36.578,406.484375,453.640625,bottom,3.640625,-3.640625
36.578,404.109375,453.671875,bottom,3.671875,-3.671875
36.578,401.671875,453.671875,bottom,3.671875,-3.671875
36.578,399.296875,453.75,bottom,3.75,-3.75
36.61,396.921875,453.78125,bottom,3.78125,-3.78125
36.688,394.515625,453.84375,bottom,3.84375,-3.84375
36.688,392.109375,453.96875,bottom,3.96875,-3.96875
36.688,389.734375,454.09375,bottom,4.09375,-4.09375
36.688,387.5,454.265625,bottom,4.265625,-4.265625
36.703,385.34375,454.3125,bottom,4.3125,-4.3125
36.781,383.046875,454.4375,bottom,4.4375,-4.4375
36.781,380.765625,454.546875,bottom,4.546875,-4.546875
36.781,378.46875,454.625,bottom,4.625,-4.625
36.781,376.046875,454.828125,bottom,4.828125,-4.828125
36.813,373.71875,454.84375,bottom,4.84375,-4.84375
36.875,371.359375,454.890625,bottom,4.890625,-4.890625
36.875,368.984375,454.921875,bottom,4.921875,-4.921875
36.875,366.59375,455.0625,bottom,5.0625,-5.0625
36.875,363.203125,455.296875,bottom,5.296875,-5.296875
36.906,361.0625,455.390625,bottom,5.390625,-5.390625
37.0,358.6875,455.515625,bottom,5.515625,-5.515625
37.0,356.75,455.625,bottom,5.625,-5.625
37.0,354.578125,455.640625,bottom,5.640625,-5.640625
37.0,352.171875,455.6875,bottom,5.6875,-5.6875
37.016,349.859375,455.75,bottom,5.75,-5.75
37.094,347.453125,455.75,bottom,5.75,-5.75
37.094,345.234375,455.765625,bottom,5.765625,-5.765625
37.094,342.875,455.671875,bottom,5.671875,-5.671875
37.11,340.609375,455.53125,bottom,5.53125,-5.53125
37.188,338.203125,455.390625,bottom,5.390625,-5.390625
37.188,334.890625,455.28125,bottom,5.28125,-5.28125
37.188,332.6875,455.15625,bottom,5.15625,-5.15625
37.188,330.421875,455.015625,bottom,5.015625,-5.015625
37.219,328.28125,454.78125,bottom,4.78125,-4.78125
37.297,326.03125,454.6875,bottom,4.6875,-4.6875
37.297,323.859375,454.625,bottom,4.625,-4.625
37.297,320.65625,454.453125,bottom,4.453125,-4.453125
37.297,318.609375,454.328125,bottom,4.328125,-4.328125
37.328,316.578125,454.25,bottom,4.25,-4.25
37.391,314.40625,454.140625,bottom,4.140625,-4.140625
37.391,312.1875,454.078125,bottom,4.078125,-4.078125
37.391,310.09375,454.125,bottom,4.125,-4.125
37.406,307.8125,454.0625,bottom,4.0625,-4.0625
37.422,305.671875,454.015625,bottom,4.015625,-4.015625
37.5,303.5625,454.140625,bottom,4.140625,-4.140625
37.5,298.078125,453.8125,bottom,3.8125,-3.8125
37.5,296.09375,453.71875,bottom,3.71875,-3.71875
37.625,293.828125,453.59375,bottom,3.59375,-3.59375
37.625,291.75,453.234375,bottom,3.234375,-3.234375
37.625,289.921875,452.875,bottom,2.875,-2.875
37.625,288.078125,452.34375,bottom,2.34375,-2.34375
37.625,286.234375,452.078125,bottom,2.078125,-2.078125
37.703,284.25,451.78125,bottom,1.78125,-1.78125
37.703,282.296875,451.65625,bottom,1.65625,-1.65625
37.703,280.296875,451.59375,bottom,1.59375,-1.59375
37.703,278.09375,451.453125,bottom,1.453125,-1.453125
37.719,275.046875,451.390625,bottom,1.390625,-1.390625
37.797,272.78125,451.40625,bottom,1.40625,-1.40625
37.797,270.65625,451.375,bottom,1.375,-1.375
37.797,268.1875,451.5,bottom,1.5,-1.5
37.813,265.921875,451.5625,bottom,1.5625,-1.5625
37.828,263.734375,451.578125,bottom,1.578125,-1.578125
37.922,262.65625,451.59375,bottom,1.59375,-1.59375
37.922,259.15625,451.671875,bottom,1.671875,-1.671875
37.922,256.734375,451.6875,bottom,1.6875,-1.6875
37.922,254.328125,451.671875,bottom,1.671875,-1.671875
37.938,251.90625,451.71875,bottom,1.71875,-1.71875
38.016,249.453125,451.6875,bottom,1.6875,-1.6875
38.016,247.125,451.734375,bottom,1.734375,-1.734375
38.016,244.65625,451.671875,bottom,1.671875,-1.671875
38.031,242.171875,451.671875,bottom,1.671875,-1.671875
38.047,239.828125,451.609375,bottom,1.609375,-1.609375
38.11,237.71875,451.703125,bottom,1.703125,-1.703125
38.11,235.28125,451.796875,bottom,1.796875,-1.796875
38.11,233.015625,451.890625,bottom,1.890625,-1.890625
38.125,230.65625,452.0,bottom,2.0,-2.0
38.219,228.203125,452.15625,bottom,2.15625,-2.15625
38.219,225.921875,452.21875,bottom,2.21875,-2.21875
38.219,223.8125,452.234375,bottom,2.234375,-2.234375
38.219,221.65625,452.265625,bottom,2.265625,-2.265625
38.219,219.4375,452.25,bottom,2.25,-2.25
38.313,217.15625,452.15625,bottom,2.15625,-2.15625
38.328,213.84375,452.3125,bottom,2.3125,-2.3125
38.328,211.6875,452.359375,bottom,2.359375,-2.359375
38.328,209.5625,452.4375,bottom,2.4375,-2.4375
38.344,207.3125,452.546875,bottom,2.546875,-2.546875
38.438,205.15625,452.5625,bottom,2.5625,-2.5625
38.438,203.015625,452.625,bottom,2.625,-2.625
38.438,200.671875,452.59375,bottom,2.59375,-2.59375
38.438,197.515625,452.5625,bottom,2.5625,-2.5625
38.453,195.375,452.515625,bottom,2.515625,-2.515625
38.531,193.546875,452.4375,bottom,2.4375,-2.4375
38.531,191.421875,452.34375,bottom,2.34375,-2.34375
38.531,189.328125,452.296875,bottom,2.296875,-2.296875
38.531,186.34375,452.125,bottom,2.125,-2.125
38.547,184.328125,452.03125,bottom,2.03125,-2.03125
38.641,182.34375,451.953125,bottom,1.953125,-1.953125
38.641,180.3125,451.859375,bottom,1.859375,-1.859375
38.641,178.328125,451.796875,bottom,1.796875,-1.796875
38.641,176.234375,451.71875,bottom,1.71875,-1.71875
38.656,174.265625,451.609375,bottom,1.609375,-1.609375
38.797,170.546875,451.65625,bottom,1.65625,-1.65625
38.797,168.78125,451.546875,bottom,1.546875,-1.546875
38.844,172.3125,451.671875,bottom,1.671875,-1.671875
38.844,167.0,451.46875,bottom,1.46875,-1.46875
38.844,165.28125,451.375,bottom,1.375,-1.375
38.844,163.515625,451.28125,bottom,1.28125,-1.28125
38.844,161.859375,451.21875,bottom,1.21875,-1.21875
38.844,160.0625,451.171875,bottom,1.171875,-1.171875
38.938,157.484375,451.078125,bottom,1.078125,-1.078125
38.938,155.75,451.078125,bottom,1.078125,-1.078125
38.938,154.015625,451.0625,bottom,1.0625,-1.0625
38.938,152.234375,450.921875,bottom,0.921875,-0.921875
38.938,150.46875,450.84375,bottom,0.84375,-0.84375
39.063,148.90625,450.65625,bottom,1.2755207269974094,-1.2755207269974094
39.063,147.859375,450.421875,bottom,2.1818006110206314,-2.1818006110206314
39.063,147.921875,450.3125,bottom,2.1014898918683858,-2.1014898918683858
39.063,148.09375,450.21875,bottom,1.918760179126094,-1.918760179126094
39.063,148.21875,450.09375,bottom,1.783715399103792,-1.783715399103792
39.141,148.28125,449.984375,left,1.71875,-1.71875
39.141,148.34375,449.890625,left,1.65625,-1.65625
39.141,148.390625,449.828125,left,1.609375,-1.609375
39.141,148.40625,449.8125,left,1.59375,-1.59375
39.141,148.390625,449.8125,left,1.609375,-1.609375
39.266,148.40625,449.8125,left,1.59375,-1.59375
39.266,148.40625,449.8125,left,1.59375,-1.59375
39.266,148.40625,449.8125,left,1.59375,-1.59375
39.266,148.390625,449.8125,left,1.609375,-1.609375
39.266,148.40625,449.8125,left,1.59375,-1.59375
39.36,148.40625,449.8125,left,1.59375,-1.59375
