fleet_size,trial,receiver_id,sender_id,received_packets,expected_packets,message_bytes,transmit_rate_hz
2,1,1,2,977,1000,10,25
2,2,1,2,979,1000,10,25
2,3,1,2,974,1000,10,25
2,4,1,2,976,1000,10,25
2,1,2,1,953,1000,10,25
2,2,2,1,943,1000,10,25
2,3,2,1,937,1000,10,25
2,4,2,1,945,1000,10,25
3,1,1,2,967,1000,10,25
3,1,1,3,959,1000,10,25
3,2,1,2,971,1000,10,25
3,2,1,3,979,1000,10,25
3,3,1,2,978,1000,10,25
3,3,1,3,970,1000,10,25
3,4,1,2,973,1000,10,25
3,4,1,3,972,1000,10,25
3,1,2,1,921,1000,10,25
3,1,2,3,984,1000,10,25
3,2,2,1,964,1000,10,25
3,2,2,3,991,1000,10,25
3,3,2,1,963,1000,10,25
3,3,2,3,986,1000,10,25
3,4,2,1,940,1000,10,25
3,4,2,3,987,1000,10,25
3,1,3,1,953,1000,10,25
3,1,3,2,976,1000,10,25
3,2,3,1,940,1000,10,25
3,2,3,2,975,1000,10,25
3,3,3,1,951,1000,10,25
3,3,3,2,977,1000,10,25
3,4,3,1,938,1000,10,25
3,4,3,2,975,1000,10,25
4,1,1,2,955,1000,10,25
4,1,1,3,970,1000,10,25
4,1,1,4,935,1000,10,25
4,2,1,2,963,1000,10,25
4,2,1,3,973,1000,10,25
4,2,1,4,955,1000,10,25
4,3,1,2,947,1000,10,25
4,3,1,3,967,1000,10,25
4,3,1,4,939,1000,10,25
4,4,1,2,959,1000,10,25
4,4,1,3,968,1000,10,25
4,4,1,4,957,1000,10,25
4,1,2,1,974,1000,10,25
4,1,2,3,984,1000,10,25
4,1,2,4,961,1000,10,25
4,2,2,1,948,1000,10,25
4,2,2,3,972,1000,10,25
4,2,2,4,970,1000,10,25
4,3,2,1,941,1000,10,25
4,3,2,3,985,1000,10,25
4,3,2,4,962,1000,10,25
4,4,2,1,931,1000,10,25
4,4,2,3,977,1000,10,25
4,4,2,4,979,1000,10,25
4,1,3,1,891,1000,10,25
4,1,3,2,982,1000,10,25
4,1,3,4,982,1000,10,25
4,2,3,1,964,1000,10,25
4,2,3,2,975,1000,10,25
4,2,3,4,955,1000,10,25
4,3,3,1,938,1000,10,25
4,3,3,2,977,1000,10,25
4,3,3,4,956,1000,10,25
4,4,3,1,922,1000,10,25
4,4,3,2,986,1000,10,25
4,4,3,4,972,1000,10,25
4,1,4,1,957,1000,10,25
4,1,4,2,963,1000,10,25
4,1,4,3,965,1000,10,25
4,2,4,1,962,1000,10,25
4,2,4,2,964,1000,10,25
4,2,4,3,969,1000,10,25
4,3,4,1,927,1000,10,25
4,3,4,2,959,1000,10,25
4,3,4,3,976,1000,10,25
4,4,4,1,946,1000,10,25
4,4,4,2,972,1000,10,25
4,4,4,3,970,1000,10,25
5,1,1,2,963,1000,10,25
5,1,1,3,966,1000,10,25
5,1,1,4,935,1000,10,25
5,1,1,5,851,1000,10,25
5,2,1,2,885,1000,10,25
5,2,1,3,946,1000,10,25
5,2,1,4,958,1000,10,25
5,2,1,5,958,1000,10,25
5,3,1,2,908,1000,10,25
5,3,1,3,944,1000,10,25
5,3,1,4,910,1000,10,25
5,3,1,5,911,1000,10,25
5,4,1,2,919,1000,10,25
5,4,1,3,965,1000,10,25
5,4,1,4,946,1000,10,25
5,4,1,5,938,1000,10,25
5,1,2,1,931,1000,10,25
5,1,2,3,981,1000,10,25
5,1,2,4,913,1000,10,25
5,1,2,5,968,1000,10,25
5,2,2,1,895,1000,10,25
5,2,2,3,963,1000,10,25
5,2,2,4,963,1000,10,25
5,2,2,5,891,1000,10,25
5,3,2,1,959,1000,10,25
5,3,2,3,952,1000,10,25
5,3,2,4,935,1000,10,25
5,3,2,5,959,1000,10,25
5,4,2,1,944,1000,10,25
5,4,2,3,973,1000,10,25
5,4,2,4,953,1000,10,25
5,4,2,5,953,1000,10,25
5,1,3,1,952,1000,10,25
5,1,3,2,982,1000,10,25
5,1,3,4,950,1000,10,25
5,1,3,5,929,1000,10,25
5,2,3,1,909,1000,10,25
5,2,3,2,948,1000,10,25
5,2,3,4,961,1000,10,25
5,2,3,5,957,1000,10,25
5,3,3,1,907,1000,10,25
5,3,3,2,941,1000,10,25
5,3,3,4,932,1000,10,25
5,3,3,5,957,1000,10,25
5,4,3,1,974,1000,10,25
5,4,3,2,966,1000,10,25
5,4,3,4,961,1000,10,25
5,4,3,5,932,1000,10,25
5,1,4,1,944,1000,10,25
5,1,4,2,961,1000,10,25
5,1,4,3,969,1000,10,25
5,1,4,5,963,1000,10,25
5,2,4,1,938,1000,10,25
5,2,4,2,910,1000,10,25
5,2,4,3,954,1000,10,25
5,2,4,5,887,1000,10,25
5,3,4,1,930,1000,10,25
5,3,4,2,897,1000,10,25
5,3,4,3,990,1000,10,25
5,3,4,5,969,1000,10,25
5,4,4,1,929,1000,10,25
5,4,4,2,933,1000,10,25
5,4,4,3,960,1000,10,25
5,4,4,5,964,1000,10,25
5,1,5,1,941,1000,10,25
5,1,5,2,959,1000,10,25
5,1,5,3,942,1000,10,25
5,1,5,4,957,1000,10,25
5,2,5,1,937,1000,10,25
5,2,5,2,824,1000,10,25
5,2,5,3,924,1000,10,25
5,2,5,4,873,1000,10,25
5,3,5,1,927,1000,10,25
5,3,5,2,894,1000,10,25
5,3,5,3,971,1000,10,25
5,3,5,4,970,1000,10,25
5,4,5,1,927,1000,10,25
5,4,5,2,932,1000,10,25
5,4,5,3,946,1000,10,25
5,4,5,4,973,1000,10,25
